id,aluno_id,mes_referencia,valor,status_pagamento
3b5d6383-9617-4e2b-ac04-1741282f6e25,86242ed8-a2c0-4158-a72d-0c92a68f1c66,2026-01-01,1200,Pago
f90dbe49-91a8-4850-80e9-3ffac31b326d,86242ed8-a2c0-4158-a72d-0c92a68f1c66,2026-02-01,1200,Pago
0c6f556c-e811-4d4c-bec8-6de33f8ff34a,86242ed8-a2c0-4158-a72d-0c92a68f1c66,2026-03-01,1200,Pago
554c9fb2-5024-40a4-80dd-b624cd842146,75b7558e-28a2-4db0-b18d-141226f67532,2026-01-01,1200,Atrasado
b0c75e47-ea26-44c1-b046-cb594e36a126,75b7558e-28a2-4db0-b18d-141226f67532,2026-02-01,1200,Pago
e1d48f19-4632-4afb-bf1d-90152aeb7efa,75b7558e-28a2-4db0-b18d-141226f67532,2026-03-01,1200,Pago
616b91e5-aa15-49fa-bd8e-2c595c0df0b8,516314e4-ba88-4f61-a543-5fc860aea06d,2026-01-01,1200,Pago
77ff724f-402c-4835-8a91-56a7f18c8705,516314e4-ba88-4f61-a543-5fc860aea06d,2026-02-01,1200,Pago
4de00dd2-86b0-4b51-a068-e9471f46f7ad,516314e4-ba88-4f61-a543-5fc860aea06d,2026-03-01,1200,Pago
9c2113dd-9118-490a-9054-e69fa329427c,b428e472-1ebb-461a-9127-9d17ce93499a,2026-01-01,1200,Pago
82894f36-77cc-410d-9a8e-a52f958a3791,b428e472-1ebb-461a-9127-9d17ce93499a,2026-02-01,1200,Pago
c706fa4f-32e0-487c-87fb-f405a2bce258,b428e472-1ebb-461a-9127-9d17ce93499a,2026-03-01,1200,Pago
3eec8af6-da05-4bbc-8f6f-73950fc2b217,e95b886a-a935-49c9-9f5f-c82062c4e969,2026-01-01,1200,Pago
626e0599-e492-48d7-aaf6-899c5f608bf7,e95b886a-a935-49c9-9f5f-c82062c4e969,2026-02-01,1200,Atrasado
e14d13f2-1e9f-4829-a20b-95ad19cb1f68,e95b886a-a935-49c9-9f5f-c82062c4e969,2026-03-01,1200,Atrasado
86095364-d972-4c25-a03d-c1a1a9bd6bc7,452372d9-ef12-4ec9-b5fb-acdfa699287f,2026-01-01,1200,Atrasado
65fa1fdd-9dd1-4ddc-b67d-85edabb5479e,452372d9-ef12-4ec9-b5fb-acdfa699287f,2026-02-01,1200,Pendente
0fd85b7d-77be-41e3-a3b8-73561128ab51,452372d9-ef12-4ec9-b5fb-acdfa699287f,2026-03-01,1200,Pendente
eeda4480-61af-4f31-9db9-fd145a1cc636,b6c4fd0e-6302-4d6c-a3a6-3cfa63072a30,2026-01-01,1200,Pago
1c32719f-580e-4421-8012-48a47f84abda,b6c4fd0e-6302-4d6c-a3a6-3cfa63072a30,2026-02-01,1200,Pago
006ffa01-bcf5-420e-8cdc-1592edffb290,b6c4fd0e-6302-4d6c-a3a6-3cfa63072a30,2026-03-01,1200,Pago
c776381b-dd0e-4270-acfd-7ec4337af5c0,d9189fa2-f2d5-41f5-8353-337e71cc92ee,2026-01-01,1200,Atrasado
fae85c58-dab2-4312-aa8a-99a7ececc29c,d9189fa2-f2d5-41f5-8353-337e71cc92ee,2026-02-01,1200,Pago
1cfdd886-8ccc-4e26-a5a7-7d56c4241033,d9189fa2-f2d5-41f5-8353-337e71cc92ee,2026-03-01,1200,Pago
2c04f191-5d14-4393-93cb-1a9e92e8c40a,f3f81022-3305-44b9-b155-82bc8cdcecac,2026-01-01,1200,Pago
d2404a65-fc1f-4388-b6d2-454f9dc7c6df,f3f81022-3305-44b9-b155-82bc8cdcecac,2026-02-01,1200,Pago
9f00f7f5-ae66-42f9-a651-a558a1c9c253,f3f81022-3305-44b9-b155-82bc8cdcecac,2026-03-01,1200,Pago
e823c354-94f0-4113-92f8-4b369eb81c45,ae42162b-40d1-48a7-9bf5-2317faf814ba,2026-01-01,1200,Pago
8bc29740-f5b5-4e4a-a5b2-c38d8afc1daa,ae42162b-40d1-48a7-9bf5-2317faf814ba,2026-02-01,1200,Pago
8d66f6ae-b4e4-4c2f-ae92-854a4cd74246,ae42162b-40d1-48a7-9bf5-2317faf814ba,2026-03-01,1200,Atrasado
208af345-2dbf-4d1c-9630-237b9c8a1d69,22702d04-735f-4a9d-b6eb-ae7990cabcd8,2026-01-01,1200,Atrasado
6b9f246b-dbcb-4149-9bc9-1837da852d50,22702d04-735f-4a9d-b6eb-ae7990cabcd8,2026-02-01,1200,Pago
844e8103-6b2c-4f77-bc48-9ac1c8399914,22702d04-735f-4a9d-b6eb-ae7990cabcd8,2026-03-01,1200,Pago
9a6928b5-b21a-4c1d-adad-ba58ae53e2c4,875f7f89-9160-4f42-92bf-40bdfe8205d2,2026-01-01,1200,Atrasado
a98ae7d6-00e9-4886-8261-f1ba6a399b97,875f7f89-9160-4f42-92bf-40bdfe8205d2,2026-02-01,1200,Atrasado
3e151d3e-e97c-4bd0-b9de-4f36d9aa86ad,875f7f89-9160-4f42-92bf-40bdfe8205d2,2026-03-01,1200,Pendente
2908d867-5d20-4829-9b3a-bba9f9016042,4eebe904-d69d-4a2c-ac27-5fbaab696992,2026-01-01,1200,Pago
4f9816ed-687c-4df9-8e31-fb36168fb4d4,4eebe904-d69d-4a2c-ac27-5fbaab696992,2026-02-01,1200,Pago
16572ff5-fdcb-45e3-bbf3-49e99837e916,4eebe904-d69d-4a2c-ac27-5fbaab696992,2026-03-01,1200,Pago
d3297c01-dd6e-470b-beec-c242784d3aa9,ba729848-c991-4b9e-b767-6e8e4f351a88,2026-01-01,1200,Atrasado
7c66e41e-f692-47a1-a952-1cf9911c4a84,ba729848-c991-4b9e-b767-6e8e4f351a88,2026-02-01,1200,Pago
15579520-9838-4048-a7b4-207c8070e50d,ba729848-c991-4b9e-b767-6e8e4f351a88,2026-03-01,1200,Pago
40a5cec7-1de7-4eb1-9e01-80627cf9c806,b9dd0d52-5e90-41a1-ae8e-cc0e2d667bf5,2026-01-01,1200,Pago
76ecf541-b3ce-484f-9d62-883a7ff90580,b9dd0d52-5e90-41a1-ae8e-cc0e2d667bf5,2026-02-01,1200,Pago
6e9db29e-cec2-4c89-a112-85de24c8f7b8,b9dd0d52-5e90-41a1-ae8e-cc0e2d667bf5,2026-03-01,1200,Pago
b2ae79c4-0458-4bf5-b1b5-b89f4d1a1eb9,c5612581-aaed-419d-baaf-d2a06a32f33b,2026-01-01,1200,Pago
7c9a033f-cfdb-4e0b-9ecf-35dfc268d55c,c5612581-aaed-419d-baaf-d2a06a32f33b,2026-02-01,1200,Pago
1f9f727c-18ba-4810-8ca8-3ef008a2ba50,c5612581-aaed-419d-baaf-d2a06a32f33b,2026-03-01,1200,Pago
886739bb-b2a5-41d3-b3d4-209d08c78089,81d48b23-6e6a-478b-9665-1f8464c12d08,2026-01-01,1200,Pendente
ea83ce3b-119a-4f08-8c19-7276d8e734ff,81d48b23-6e6a-478b-9665-1f8464c12d08,2026-02-01,1200,Atrasado
c1c9415c-2144-4d6d-88b5-3bf6c8ce5905,81d48b23-6e6a-478b-9665-1f8464c12d08,2026-03-01,1200,Pendente
46245a2d-91f0-4a30-9857-1f51483caa62,2323ef9d-333f-4e35-9420-aa8f6fa28526,2026-01-01,1200,Pendente
1855f62a-f208-4a3a-b8fa-9a6cb5a2ecde,2323ef9d-333f-4e35-9420-aa8f6fa28526,2026-02-01,1200,Pendente
7625b2ac-a923-46f8-badf-93ca3d779a31,2323ef9d-333f-4e35-9420-aa8f6fa28526,2026-03-01,1200,Atrasado
232c8001-1d8b-49de-b412-61c1f91ba255,6609b655-236c-488b-9e01-e72bbb3717ef,2026-01-01,1200,Pago
97070a79-fca4-4836-a25e-5190e5ba2265,6609b655-236c-488b-9e01-e72bbb3717ef,2026-02-01,1200,Pago
a92fde90-74b5-4e3b-98e2-0101d95714f8,6609b655-236c-488b-9e01-e72bbb3717ef,2026-03-01,1200,Pago
3d47b79b-5f64-4f0f-b06b-69bad79e2228,852cc558-f0cb-48d1-82a6-6ee0d70a4e76,2026-01-01,1200,Pago
980bcd48-60d5-48f6-97ad-e0598b792d08,852cc558-f0cb-48d1-82a6-6ee0d70a4e76,2026-02-01,1200,Pago
43b061d5-f357-4daf-b788-d5378acda10e,852cc558-f0cb-48d1-82a6-6ee0d70a4e76,2026-03-01,1200,Pago
5aa66ef4-a7d5-47ef-933f-37c3eb045f29,162a7fc8-9f40-4920-b0d2-1ca1249c5d5b,2026-01-01,1200,Pago
849029d9-a2f9-4f79-9bb0-8cdf3586cb41,162a7fc8-9f40-4920-b0d2-1ca1249c5d5b,2026-02-01,1200,Pago
653e91f3-ca4f-4926-9946-37c19d8973be,162a7fc8-9f40-4920-b0d2-1ca1249c5d5b,2026-03-01,1200,Atrasado
48f1f33d-c20d-42ae-84ed-5bd864cfbebe,381dbc34-fb62-4fb1-a9d3-fd5504d7aaab,2026-01-01,1200,Pago
0d319b4e-1313-4e18-b8df-0117e18d0035,381dbc34-fb62-4fb1-a9d3-fd5504d7aaab,2026-02-01,1200,Pago
01227057-7ff4-4ade-9418-59371dcc5533,381dbc34-fb62-4fb1-a9d3-fd5504d7aaab,2026-03-01,1200,Pago
caf38b84-6b9e-4a2f-a605-906d2f9b7399,b44c0af7-3423-4bf4-954a-5b6b0d185e2b,2026-01-01,1200,Pago
e09f072f-0acb-4322-9899-59393b15a1de,b44c0af7-3423-4bf4-954a-5b6b0d185e2b,2026-02-01,1200,Pago
c49c2af0-1c14-46e1-add4-3f3ffa53d533,b44c0af7-3423-4bf4-954a-5b6b0d185e2b,2026-03-01,1200,Atrasado
9c14236b-19f3-4275-982e-0792aa900999,0b82aaef-6df5-448d-80df-259eeea5c026,2026-01-01,1200,Pago
6cdcf0de-2dc6-46c6-9a9f-f3cb84ced39d,0b82aaef-6df5-448d-80df-259eeea5c026,2026-02-01,1200,Pago
66e69912-4537-40d0-b204-953168cf772d,0b82aaef-6df5-448d-80df-259eeea5c026,2026-03-01,1200,Pago
14829225-46dc-4fa2-a1fc-a36ff95ee5cc,31b86ca5-69e0-41fd-9133-4460a5e9f870,2026-01-01,1200,Pago
a744b1c3-1059-4d19-8d0c-d960ef1b9699,31b86ca5-69e0-41fd-9133-4460a5e9f870,2026-02-01,1200,Pago
093c1176-7f26-43ad-b776-cac260ca53bf,31b86ca5-69e0-41fd-9133-4460a5e9f870,2026-03-01,1200,Pago
20b55fc6-affb-4338-81e9-a936fac71d01,85afeef3-e874-46bf-be5a-a6014f2344de,2026-01-01,1200,Pago
6f74be37-7103-4d42-87f8-f02876bdba7f,85afeef3-e874-46bf-be5a-a6014f2344de,2026-02-01,1200,Pago
26475943-732b-478c-be64-f52fd0a562dd,85afeef3-e874-46bf-be5a-a6014f2344de,2026-03-01,1200,Pago
462af738-18ce-44a5-8290-7cd947de3abc,d888fda9-6484-4875-978a-2e6f91ec0256,2026-01-01,1200,Pago
b9789cd8-e93f-45f4-8f1f-507ac3fe7deb,d888fda9-6484-4875-978a-2e6f91ec0256,2026-02-01,1200,Pago
f533dfc4-4d12-4d64-bfa7-ca7b97ba1eaa,d888fda9-6484-4875-978a-2e6f91ec0256,2026-03-01,1200,Atrasado
163c14de-0b69-44e2-b770-d874b2d121f5,87b4208a-a861-4452-ad95-3a74f5af8e71,2026-01-01,1200,Pago
0d42b0dd-7f8f-45be-bffd-564c91139983,87b4208a-a861-4452-ad95-3a74f5af8e71,2026-02-01,1200,Pago
1a1d0199-aa6b-4c5c-ac08-d54ea7caf052,87b4208a-a861-4452-ad95-3a74f5af8e71,2026-03-01,1200,Pago
e57178a3-6c01-4f18-b8a7-0f3740f7926f,528e026f-7dc1-4a3a-963e-3c9deea579d1,2026-01-01,1200,Pago
ce42a5f8-55cc-45dc-8cfd-e98b24b8f446,528e026f-7dc1-4a3a-963e-3c9deea579d1,2026-02-01,1200,Pago
1d41bbf8-01c0-4bc1-a6b9-d5e177bf0a04,528e026f-7dc1-4a3a-963e-3c9deea579d1,2026-03-01,1200,Pago
30b2076f-d435-41f2-85d5-ac33fc295c6c,06213ad2-196e-4f19-85fd-b3b693639ea1,2026-01-01,1200,Pago
431a8be2-1fa9-4254-857d-12c975c2e454,06213ad2-196e-4f19-85fd-b3b693639ea1,2026-02-01,1200,Pago
01c4bfd5-1195-4fc2-a9a9-74d66a06a8f1,06213ad2-196e-4f19-85fd-b3b693639ea1,2026-03-01,1200,Pago
e80a8015-610e-4a02-85cb-e3cb599f705a,e7b2b2bb-b87a-43d0-982f-da49592a0249,2026-01-01,1200,Atrasado
4c71ba83-e6b8-4216-b8b0-bbe8e7900d06,e7b2b2bb-b87a-43d0-982f-da49592a0249,2026-02-01,1200,Pago
df3e09f0-0b3d-40f4-af1d-0243893b76e6,e7b2b2bb-b87a-43d0-982f-da49592a0249,2026-03-01,1200,Pago
a8758d21-6ad4-471f-8f61-f7efda5c0c97,2813b5da-6396-4f09-9be3-0541d6ab7708,2026-01-01,1200,Pago
2ae60ec5-a7fd-4f18-8648-232eaf372e3e,2813b5da-6396-4f09-9be3-0541d6ab7708,2026-02-01,1200,Pago
cb88510c-a3a5-41b6-9d2d-1e84a1ac3020,2813b5da-6396-4f09-9be3-0541d6ab7708,2026-03-01,1200,Pago
a9dc5f9d-90d9-4449-a496-15265b93db08,94c59415-3c15-4207-971b-c3a9b455fe2d,2026-01-01,1200,Atrasado
acb4383b-43c2-466e-9436-5a40353b5d4d,94c59415-3c15-4207-971b-c3a9b455fe2d,2026-02-01,1200,Pago
ed6df948-e28c-425a-9f3f-3ea33027e5b7,94c59415-3c15-4207-971b-c3a9b455fe2d,2026-03-01,1200,Pago
44b1c20d-0b26-4668-9752-2350eaa8414d,79698b27-169e-4305-9968-d7a3e055c8fa,2026-01-01,1200,Pendente
5c137ca0-c53a-450f-a965-7d4a53172081,79698b27-169e-4305-9968-d7a3e055c8fa,2026-02-01,1200,Atrasado
85953049-d017-4be5-a419-c58bf827687e,79698b27-169e-4305-9968-d7a3e055c8fa,2026-03-01,1200,Pendente
4167a0c1-1a09-4e36-b580-5b729d628c9b,fe306979-bd09-41ed-a414-9286202e47fe,2026-01-01,1200,Pago
5bd64702-9846-44c4-af78-999dc4f45c07,fe306979-bd09-41ed-a414-9286202e47fe,2026-02-01,1200,Pago
6c2e003a-42cc-4e28-b769-f028511f4abd,fe306979-bd09-41ed-a414-9286202e47fe,2026-03-01,1200,Pago
d6909b9e-7b5c-4251-b980-788410c0d639,ab3e23e8-046c-4f70-9b74-346696f4acb8,2026-01-01,1200,Pago
0e248226-7563-46fe-b781-af198ad07b38,ab3e23e8-046c-4f70-9b74-346696f4acb8,2026-02-01,1200,Pago
60cb9c4d-7fee-436a-97c5-6eb75c63d8de,ab3e23e8-046c-4f70-9b74-346696f4acb8,2026-03-01,1200,Pago
d6ad8a10-0730-4723-a1ed-67288c45a448,43370220-8612-4967-a844-1efd710646cb,2026-01-01,1200,Pago
a5d304ea-34b1-4a78-9981-6a9ab348aaae,43370220-8612-4967-a844-1efd710646cb,2026-02-01,1200,Atrasado
2ef68774-3114-4b0e-9aa6-631bec7c133d,43370220-8612-4967-a844-1efd710646cb,2026-03-01,1200,Pago
7b159a1c-657d-4c69-ba5d-5e6a6cbb3d0b,09f28d15-8d26-438a-b7ea-b0a8013178ba,2026-01-01,1200,Pago
7e2afa17-2d7c-4dd3-8b15-1d97f8f60ed0,09f28d15-8d26-438a-b7ea-b0a8013178ba,2026-02-01,1200,Pago
e74d1ff5-bce5-4f43-a3f4-23c5d1076c18,09f28d15-8d26-438a-b7ea-b0a8013178ba,2026-03-01,1200,Pago
2b95db00-8c00-42b0-a1cb-0a0a621e3b2c,6ec1ddc9-a790-4951-ae5f-f03c246a5a54,2026-01-01,1200,Pago
4723eef8-60b6-4ded-83dd-0a210de7890e,6ec1ddc9-a790-4951-ae5f-f03c246a5a54,2026-02-01,1200,Pago
6f78109a-6c84-4e61-bd1d-c875e8acc15c,6ec1ddc9-a790-4951-ae5f-f03c246a5a54,2026-03-01,1200,Pago
343bd1a6-35ae-44b0-92dd-cb4578a3ba48,716258fc-91a0-43ff-a0d4-98a09c427a64,2026-01-01,1200,Pago
992d1c77-54a3-46c3-b8c6-ac539b3ef0e0,716258fc-91a0-43ff-a0d4-98a09c427a64,2026-02-01,1200,Atrasado
de4fd574-847d-44ea-8d7b-e40fb325cbcc,716258fc-91a0-43ff-a0d4-98a09c427a64,2026-03-01,1200,Pago
86ed38db-2b71-4a84-acb2-d2c2fdf1c6db,7fa4c174-e17c-40db-9cba-33470e752d9b,2026-01-01,1200,Pago
f3f1c5e5-d77e-4f48-8303-9ad7d21da33f,7fa4c174-e17c-40db-9cba-33470e752d9b,2026-02-01,1200,Pago
41625fea-14f0-41ba-bd32-67e3180556ab,7fa4c174-e17c-40db-9cba-33470e752d9b,2026-03-01,1200,Atrasado
9282b206-11ec-4482-865a-6702456409b9,c7553f40-c612-4a4c-b82c-7e4442a2f9e7,2026-01-01,1200,Pago
bb85803c-cb88-4144-976a-2177decc90ba,c7553f40-c612-4a4c-b82c-7e4442a2f9e7,2026-02-01,1200,Atrasado
d2426172-b2d6-4d0b-b6c9-24cae1030449,c7553f40-c612-4a4c-b82c-7e4442a2f9e7,2026-03-01,1200,Pago
1a15cc4c-1756-469f-bca3-db307a2a245e,f78760c3-93ea-48e6-a9cd-d15f9ad5726e,2026-01-01,1200,Pago
f8301cf3-56eb-4307-9d63-d1fab8ae1cff,f78760c3-93ea-48e6-a9cd-d15f9ad5726e,2026-02-01,1200,Pago
5078248b-3a01-4329-9594-15a4c0eb36b4,f78760c3-93ea-48e6-a9cd-d15f9ad5726e,2026-03-01,1200,Pago
46bf7924-45b9-4484-a572-addb2905be08,e449e296-99ed-412b-9b99-236a3179c4b2,2026-01-01,1200,Pago
38ae4115-a821-40f3-abc7-42e48dfa03e8,e449e296-99ed-412b-9b99-236a3179c4b2,2026-02-01,1200,Pago
657d64ba-8690-4f72-b012-77463ca265b7,e449e296-99ed-412b-9b99-236a3179c4b2,2026-03-01,1200,Pago
1cd37792-d01a-4c65-90ba-8cb8a2d1d4c4,3f0fbcd3-0878-4e9b-872d-646f70d0fb1e,2026-01-01,1200,Pago
75e105fe-cb36-4bfc-9dd9-566306081b42,3f0fbcd3-0878-4e9b-872d-646f70d0fb1e,2026-02-01,1200,Pago
2193e690-f53e-4fe3-9ed3-78db2f1014fb,3f0fbcd3-0878-4e9b-872d-646f70d0fb1e,2026-03-01,1200,Pago
a6f41094-6db6-4053-af75-86eb2f8bc350,cf81c172-6bbb-4cf7-8226-3aae1de249ba,2026-01-01,1200,Pago
dd55e8e3-bc27-4fe8-beb5-401c98e28465,cf81c172-6bbb-4cf7-8226-3aae1de249ba,2026-02-01,1200,Atrasado
f5b943b6-9cef-42bc-a6d9-6041c472b61d,cf81c172-6bbb-4cf7-8226-3aae1de249ba,2026-03-01,1200,Pago
66ac306d-4ca5-4fce-a614-823674d24c8c,3a927381-44a4-47c1-a176-f57845809366,2026-01-01,1200,Pago
15748d6d-3059-4bd4-9999-5197bb710907,3a927381-44a4-47c1-a176-f57845809366,2026-02-01,1200,Pago
677f2f5e-3f77-4f93-a8a7-9010e5e5e4e0,3a927381-44a4-47c1-a176-f57845809366,2026-03-01,1200,Atrasado
75c53669-948f-4651-a4f7-0931d7767918,e3943c9c-0e2f-47a8-a70f-d216565664f8,2026-01-01,1200,Pago
f4a084cd-abc6-40ea-8813-8edfd28483e3,e3943c9c-0e2f-47a8-a70f-d216565664f8,2026-02-01,1200,Pago
db2bc8ea-c710-4030-a9ed-195e2d339a06,e3943c9c-0e2f-47a8-a70f-d216565664f8,2026-03-01,1200,Pago
e653c562-3a69-4758-88f0-9529472f3658,f41079fb-213e-432b-a495-b2de4ebf7e14,2026-01-01,1200,Pago
2dbf8c6a-7d79-460a-bf4f-2a3d32967472,f41079fb-213e-432b-a495-b2de4ebf7e14,2026-02-01,1200,Pago
80ad7619-e774-4258-868f-26349415b8a9,f41079fb-213e-432b-a495-b2de4ebf7e14,2026-03-01,1200,Pago
f7aeff3d-8ec4-49b0-97a4-7b4a8d27522e,dd5399cd-61a4-486b-89ba-c59f73eed0fd,2026-01-01,1200,Pago
34f40ce5-7ef3-45c0-8b00-13bbbb44961b,dd5399cd-61a4-486b-89ba-c59f73eed0fd,2026-02-01,1200,Pago
10d0f24c-76b0-4451-935a-28ac4e949bd6,dd5399cd-61a4-486b-89ba-c59f73eed0fd,2026-03-01,1200,Pago
fa6b16df-ffe2-4e34-abde-a4dbe2bdaa09,9425c21c-dc2a-46dd-85f4-22cb5f732e11,2026-01-01,1200,Pago
310dbaec-31a9-4953-9c38-f3ed48a3c2b7,9425c21c-dc2a-46dd-85f4-22cb5f732e11,2026-02-01,1200,Pago
e513048d-b581-45ef-ab7f-3eab5f9b59be,9425c21c-dc2a-46dd-85f4-22cb5f732e11,2026-03-01,1200,Pago
07b8d0d3-9bd9-481d-9551-43df4e02a3e5,a72453de-00bb-4fe7-a6a2-090c8ac870f8,2026-01-01,1200,Pago
39b38687-fbd5-4afc-ad39-272952cf1113,a72453de-00bb-4fe7-a6a2-090c8ac870f8,2026-02-01,1200,Pago
55cf0854-74ce-4d83-a790-3b526322f62f,a72453de-00bb-4fe7-a6a2-090c8ac870f8,2026-03-01,1200,Atrasado
10480773-74ab-4ca8-b287-591fd1ee2b51,a4220afc-f7b5-4792-8ab5-50d78fd39a14,2026-01-01,1200,Pago
9d468b55-bb54-4ac6-a324-7b8828932ca5,a4220afc-f7b5-4792-8ab5-50d78fd39a14,2026-02-01,1200,Pago
4b9e00f3-107d-4940-bd57-d4bb83e95fac,a4220afc-f7b5-4792-8ab5-50d78fd39a14,2026-03-01,1200,Atrasado
236e9065-6a0a-4686-8c25-4ed289980e52,c33924bb-700c-4dcc-b3f1-de5db2cd2ee6,2026-01-01,1200,Pago
25f9d4de-f774-4d78-8866-b0e4eeb5c9df,c33924bb-700c-4dcc-b3f1-de5db2cd2ee6,2026-02-01,1200,Pago
b6ef1aa2-c89b-4d52-ae0a-959a00159abd,c33924bb-700c-4dcc-b3f1-de5db2cd2ee6,2026-03-01,1200,Pago
4bac78ab-9d2e-45ef-ada7-f4ff3c132ced,bcac40c1-88a2-4882-9704-ece788e1d5e4,2026-01-01,1200,Atrasado
c8ced8de-c498-4685-957b-8d9a352e110c,bcac40c1-88a2-4882-9704-ece788e1d5e4,2026-02-01,1200,Pago
586a35b7-86db-41e3-a630-1cb84071ba92,bcac40c1-88a2-4882-9704-ece788e1d5e4,2026-03-01,1200,Pago
79d8cb61-5aa8-478d-8346-1979e46e741c,b580585a-6037-4f36-a078-59a0bf114fc2,2026-01-01,1200,Pago
102ca819-eeef-4748-a573-7d86d09c707d,b580585a-6037-4f36-a078-59a0bf114fc2,2026-02-01,1200,Pago
f4b17ea1-ed26-439c-92bd-510490692134,b580585a-6037-4f36-a078-59a0bf114fc2,2026-03-01,1200,Pago
c1a1cc39-b2a6-4ab0-8d38-6a355be1eec9,83ae8078-581b-48ad-a77d-ade85fcdc28e,2026-01-01,1200,Pago
7d440e4e-4830-46d4-acca-8921575b1e2d,83ae8078-581b-48ad-a77d-ade85fcdc28e,2026-02-01,1200,Pago
a4b7aaa2-3315-40dd-8b54-27e3897e6f33,83ae8078-581b-48ad-a77d-ade85fcdc28e,2026-03-01,1200,Atrasado
ebf4d22c-0a3a-46c4-8eab-f0dabe763882,3bca07ad-c787-4afd-a231-5d2197ee1ced,2026-01-01,1200,Atrasado
4f89300e-8506-4289-b230-7e359584febd,3bca07ad-c787-4afd-a231-5d2197ee1ced,2026-02-01,1200,Pago
6e8347b0-bb8f-4cf1-8575-b0dc1f69d7e7,3bca07ad-c787-4afd-a231-5d2197ee1ced,2026-03-01,1200,Pago
ff7026aa-7c81-4cb7-97c0-08fa838c41f8,0413d323-8e86-4acb-a576-ba4b3d9a9e10,2026-01-01,1200,Pago
43d854dd-4442-49ce-9792-4a811e45eb08,0413d323-8e86-4acb-a576-ba4b3d9a9e10,2026-02-01,1200,Pago
6cfd2d49-fe3d-4d82-9c9d-df36e0427537,0413d323-8e86-4acb-a576-ba4b3d9a9e10,2026-03-01,1200,Pago
7ad8bec0-a469-4af8-9f13-903ca2dd4894,d2405254-0348-49b1-bdc7-6b9cab079ed2,2026-01-01,1200,Pago
18a1f3c0-b360-4561-86e5-77822da7fd3c,d2405254-0348-49b1-bdc7-6b9cab079ed2,2026-02-01,1200,Pago
6d0a885d-56f4-4ccb-84c5-d3c1a95fad16,d2405254-0348-49b1-bdc7-6b9cab079ed2,2026-03-01,1200,Pago
f2d4fd7b-a4af-4bcc-9abf-c13ce8887043,9660afa5-6334-483c-8a39-6e611edb9d85,2026-01-01,1200,Pago
d514bb8a-bf82-476b-9813-745c80c73854,9660afa5-6334-483c-8a39-6e611edb9d85,2026-02-01,1200,Pago
ae033880-ba15-4c7f-9350-1d2ef43cff1c,9660afa5-6334-483c-8a39-6e611edb9d85,2026-03-01,1200,Pago
ea79bf1b-5fca-4c84-a7c7-e5319b5b4ff0,b4f199ff-0c4d-4bf6-9807-53dbdedcce6e,2026-01-01,1200,Pago
30946c90-2e8b-40c2-afb2-bd36abc4da0a,b4f199ff-0c4d-4bf6-9807-53dbdedcce6e,2026-02-01,1200,Pago
480ae069-54e4-44bd-84f7-34c00200fd1e,b4f199ff-0c4d-4bf6-9807-53dbdedcce6e,2026-03-01,1200,Pago
d92348cb-293d-474e-9036-a7bfd6a0e782,e5dc38e5-86fa-4a73-9978-9ce52f98c1ce,2026-01-01,1200,Pago
cfd9df0e-2004-4491-84bc-1aed7506737a,e5dc38e5-86fa-4a73-9978-9ce52f98c1ce,2026-02-01,1200,Pago
2672a8ae-13f8-4798-ae8c-6de964cbbb03,e5dc38e5-86fa-4a73-9978-9ce52f98c1ce,2026-03-01,1200,Pago
fd09886b-3f9f-46ae-91dd-6756116ef28b,5aaa5dc8-b93b-4a42-805c-5247a1a63003,2026-01-01,1200,Pago
c170528f-062f-4671-bd1d-e3525f62a69b,5aaa5dc8-b93b-4a42-805c-5247a1a63003,2026-02-01,1200,Pago
bd0fe811-29de-4306-98be-634506c2fe76,5aaa5dc8-b93b-4a42-805c-5247a1a63003,2026-03-01,1200,Pago
ef65d43a-698c-41cf-b65d-0a3612b34799,d52bf8dd-32e3-473e-b548-e30447fd75df,2026-01-01,1200,Pago
a1a2baa1-67cb-4a91-a7da-517a31c1ed59,d52bf8dd-32e3-473e-b548-e30447fd75df,2026-02-01,1200,Pago
fa829741-12cd-4b70-86de-bf7aa7c6142b,d52bf8dd-32e3-473e-b548-e30447fd75df,2026-03-01,1200,Pago
68c9d479-34dd-467b-b9d6-e68015fba3e6,57fd0e6a-d5a6-40d1-bf7d-ea5a3e90cc2e,2026-01-01,1200,Pago
f5e516a7-5ea0-4cf4-86a3-e96cc5df483c,57fd0e6a-d5a6-40d1-bf7d-ea5a3e90cc2e,2026-02-01,1200,Pago
235e732f-ca06-4f1d-b511-e14e9dfdff73,57fd0e6a-d5a6-40d1-bf7d-ea5a3e90cc2e,2026-03-01,1200,Pago
8357cf2d-cb04-4a1f-b4d3-1b40797ad68a,ad9f9de0-81d4-44dc-bbc4-4049b096da26,2026-01-01,1200,Atrasado
759fbd4d-664e-4c91-90ee-60ac8e7db8e3,ad9f9de0-81d4-44dc-bbc4-4049b096da26,2026-02-01,1200,Pago
69cf3975-cb9d-4aaf-a6c4-f033ed56cccc,ad9f9de0-81d4-44dc-bbc4-4049b096da26,2026-03-01,1200,Pago
eaec5901-731a-4d9a-bac2-c1f5fe66901d,c2d545ed-d38e-4bb9-a64d-f85c3d6c1bb1,2026-01-01,1200,Pago
a52332eb-6e15-4ccb-a436-1a517f5ab4f7,c2d545ed-d38e-4bb9-a64d-f85c3d6c1bb1,2026-02-01,1200,Pago
4cb07691-da45-46c4-bb69-0570b9a33230,c2d545ed-d38e-4bb9-a64d-f85c3d6c1bb1,2026-03-01,1200,Pago
779d606c-9d35-4f13-8881-8e4aad978d7c,268fcd66-add2-4b89-8941-7ba59b20e24f,2026-01-01,1200,Pago
38365b82-3009-4396-bdec-32fc188d6705,268fcd66-add2-4b89-8941-7ba59b20e24f,2026-02-01,1200,Pago
cbc4cbf6-0294-44a9-842f-f9bbcbd2f94b,268fcd66-add2-4b89-8941-7ba59b20e24f,2026-03-01,1200,Pago
09d041a3-1d2a-42ad-9000-a33313177fb9,4e2c76c9-3239-46cf-88df-a714cd6847d6,2026-01-01,1200,Pago
0858d142-7e3f-4012-a012-4aa730fc977f,4e2c76c9-3239-46cf-88df-a714cd6847d6,2026-02-01,1200,Pago
12561e44-d979-4adc-a068-f2fab9f459dd,4e2c76c9-3239-46cf-88df-a714cd6847d6,2026-03-01,1200,Pago
d372b3a3-9355-4d92-989c-02bc93ca41f9,035e1f6a-9ec4-4e35-825d-8eb97ca71d92,2026-01-01,1200,Pago
d546898e-5a5e-4bbc-b553-6851de34294b,035e1f6a-9ec4-4e35-825d-8eb97ca71d92,2026-02-01,1200,Pago
2c733822-1b0b-4656-bd0c-c8d576069099,035e1f6a-9ec4-4e35-825d-8eb97ca71d92,2026-03-01,1200,Pago
a7fefab3-5b86-4229-aa44-adf45ba9a2f5,d1b870b7-d595-451f-8f88-82c2e5dbe4af,2026-01-01,1200,Pago
2637a6be-16ce-4c5a-abf8-0f70d6d58853,d1b870b7-d595-451f-8f88-82c2e5dbe4af,2026-02-01,1200,Pago
8dbb50ce-f846-4049-a412-2a34839a0a9b,d1b870b7-d595-451f-8f88-82c2e5dbe4af,2026-03-01,1200,Pago
f5b3c984-4a05-48c0-8ca4-a10558ce22f4,cc6e8c99-bcd4-4823-9312-e56d54b4da01,2026-01-01,1200,Atrasado
1fa0fe52-38d3-40db-b97f-40698fec6acb,cc6e8c99-bcd4-4823-9312-e56d54b4da01,2026-02-01,1200,Pago
bffc2165-50c2-41c4-bb0e-4015a53d0f88,cc6e8c99-bcd4-4823-9312-e56d54b4da01,2026-03-01,1200,Pago
165ed4ca-d68b-4c5c-8ff4-f2e049fefa6c,1ed39517-30f0-4fc0-bed4-cbe32475b3f0,2026-01-01,1200,Pago
23f7bca7-0054-4028-9aca-7bb3192b14c1,1ed39517-30f0-4fc0-bed4-cbe32475b3f0,2026-02-01,1200,Atrasado
edb9bb9a-23cd-4d78-9f90-bc0f0eb1c240,1ed39517-30f0-4fc0-bed4-cbe32475b3f0,2026-03-01,1200,Pago
10d2e075-04ec-4d2b-a61d-59e02337761c,303e1742-5701-4c47-b64f-ce665a5dbf27,2026-01-01,1200,Pago
abf715f7-49ea-4cb6-98aa-561f367370d6,303e1742-5701-4c47-b64f-ce665a5dbf27,2026-02-01,1200,Pago
40bfde16-a817-4b7d-8460-f76e4a2408ed,303e1742-5701-4c47-b64f-ce665a5dbf27,2026-03-01,1200,Pago
86074786-cdf9-41bb-826c-a7f91bee970b,ab8bcd7d-af5c-42aa-874e-5029d19575c3,2026-01-01,1200,Pago
d89a4093-0354-4efa-b083-e33c49581946,ab8bcd7d-af5c-42aa-874e-5029d19575c3,2026-02-01,1200,Pago
ea357770-a4c3-45fb-b491-abd74e868fb8,ab8bcd7d-af5c-42aa-874e-5029d19575c3,2026-03-01,1200,Atrasado
2f02330b-fa75-4e0e-b6f6-4f5e9de94529,b5f5161b-3dbd-4600-bd06-e060601f282a,2026-01-01,1200,Pago
969805dd-4bee-4c27-aff4-e3eee067f9fe,b5f5161b-3dbd-4600-bd06-e060601f282a,2026-02-01,1200,Pago
b85d9b2a-5983-48c7-b97d-95ec1c027339,b5f5161b-3dbd-4600-bd06-e060601f282a,2026-03-01,1200,Pago
c0aab892-44a5-452c-8d69-e4d4f0e48db6,797d5dab-8329-4371-bef7-a965a1b3d71f,2026-01-01,1200,Pago
0c3ba850-2b64-4f70-8702-e8c84d512b4b,797d5dab-8329-4371-bef7-a965a1b3d71f,2026-02-01,1200,Pago
d541bc93-11df-49ae-970f-896923389409,797d5dab-8329-4371-bef7-a965a1b3d71f,2026-03-01,1200,Pago
b7ed2d86-4461-4f3e-b65c-bd57e508ed0d,57d20418-db62-47d5-9c42-da96445e9ec3,2026-01-01,1200,Atrasado
28677b32-96dc-452b-89c9-857e2cfb38a3,57d20418-db62-47d5-9c42-da96445e9ec3,2026-02-01,1200,Pago
b6a478b1-d4ab-485a-a879-42969f0ef25d,57d20418-db62-47d5-9c42-da96445e9ec3,2026-03-01,1200,Pago
b56445f7-6774-45a0-a6e8-749bf6a81985,21187b68-dc73-4031-90ad-48d1e9e3670e,2026-01-01,1200,Pago
2388fec8-c186-44f3-b54b-0c49762e6a3b,21187b68-dc73-4031-90ad-48d1e9e3670e,2026-02-01,1200,Pago
9bca91be-8a8f-4d4e-a7f3-53afe71d9810,21187b68-dc73-4031-90ad-48d1e9e3670e,2026-03-01,1200,Pago
4a63c05f-63f9-433f-ad9c-7ae40cbdcaff,d1443752-097a-4f54-98fa-eb0ee92033ae,2026-01-01,1200,Pago
ff0be3a3-eb34-4931-99e5-64348a8c8d25,d1443752-097a-4f54-98fa-eb0ee92033ae,2026-02-01,1200,Pago
8c89ffa3-6fba-42a3-b6cf-f8bceb659a83,d1443752-097a-4f54-98fa-eb0ee92033ae,2026-03-01,1200,Pago
a1c68825-b21a-45c3-a5d7-5cc067fe82f7,9a3085c0-ec46-49d1-b067-39d4b2a999c7,2026-01-01,1200,Pago
5df5563f-e267-45dc-a9c0-051ec347f8df,9a3085c0-ec46-49d1-b067-39d4b2a999c7,2026-02-01,1200,Pago
9436e68e-d3a3-496d-a905-810899b6ba14,9a3085c0-ec46-49d1-b067-39d4b2a999c7,2026-03-01,1200,Pago
22b5f0fb-7df6-4253-b6ea-c67082cb9a4f,eb0c155c-9940-403d-aacb-621a8829dda5,2026-01-01,1200,Pendente
8eaa549f-b372-4753-9457-1110c79402d0,eb0c155c-9940-403d-aacb-621a8829dda5,2026-02-01,1200,Pendente
25c94eea-3497-451c-b968-ecfcc215602d,eb0c155c-9940-403d-aacb-621a8829dda5,2026-03-01,1200,Atrasado
f97273d1-7bf7-4bc7-ac1b-9e121517fe79,869bcc84-7eda-42f0-9003-fd2456beee7a,2026-01-01,1200,Atrasado
edf96f0c-3111-4635-91d9-30dc78c5a0a3,869bcc84-7eda-42f0-9003-fd2456beee7a,2026-02-01,1200,Pago
7eacb427-b236-4bfe-b153-700161ddde54,869bcc84-7eda-42f0-9003-fd2456beee7a,2026-03-01,1200,Pago
383b125e-451c-4ec3-b2e4-43b8d642f11e,4fd18c7e-a5a8-4f7f-b8ae-cbcac6345f9f,2026-01-01,1200,Pago
1787e377-3b3b-4576-a8fc-37d8215054e8,4fd18c7e-a5a8-4f7f-b8ae-cbcac6345f9f,2026-02-01,1200,Pago
cad93cd8-39a0-4aad-b562-deda3653decb,4fd18c7e-a5a8-4f7f-b8ae-cbcac6345f9f,2026-03-01,1200,Pago
44ead3dd-3ca5-4dd3-8ffd-c3c0cdd774b6,d2c9d9bc-7386-46d2-bb9a-7aaf93648f2c,2026-01-01,1200,Pago
30424360-111d-4bee-a20e-12d8c2becdd5,d2c9d9bc-7386-46d2-bb9a-7aaf93648f2c,2026-02-01,1200,Pago
4e24c711-7f34-480b-8b2d-f1d0009fa3f1,d2c9d9bc-7386-46d2-bb9a-7aaf93648f2c,2026-03-01,1200,Atrasado
5e7864f5-4da1-4c6f-8f8e-601fa068a48b,e73dd53e-5ddd-42e6-bb70-af71d8060162,2026-01-01,1200,Pago
004520a9-4e2d-4a89-964c-f69c013720b4,e73dd53e-5ddd-42e6-bb70-af71d8060162,2026-02-01,1200,Pago
d00cbb79-ce42-4485-8d2a-7a26ec0248fd,e73dd53e-5ddd-42e6-bb70-af71d8060162,2026-03-01,1200,Pago
3163e9c5-d584-4da4-a6a3-2178933f382e,1b1ac85c-4070-4d8c-ab27-6b20018a6316,2026-01-01,1200,Pago
40b1408a-919c-4166-ba6b-f7c087d043bc,1b1ac85c-4070-4d8c-ab27-6b20018a6316,2026-02-01,1200,Pago
1b843029-989d-484f-aed3-62fdb092b848,1b1ac85c-4070-4d8c-ab27-6b20018a6316,2026-03-01,1200,Pago
b36295c8-8796-4c48-8517-65f9fd5eee6e,ed1b0dae-dd8e-4931-9454-7916160b0b12,2026-01-01,1200,Pago
90fc6a62-e9e7-40b5-b6fd-c00a5f627cd7,ed1b0dae-dd8e-4931-9454-7916160b0b12,2026-02-01,1200,Pago
87a77e89-b0a8-426a-a675-7101dc896128,ed1b0dae-dd8e-4931-9454-7916160b0b12,2026-03-01,1200,Pago
9ccec856-1d1e-4a8d-bd68-ba824572a382,e948bcc0-560f-414a-b44a-907d5a17cccc,2026-01-01,1200,Atrasado
5fe3904e-e006-4a8d-bc3a-1c710bb50285,e948bcc0-560f-414a-b44a-907d5a17cccc,2026-02-01,1200,Pago
c4496337-519d-4b75-a81f-da1f8e9f5bc1,e948bcc0-560f-414a-b44a-907d5a17cccc,2026-03-01,1200,Pago
18cad2f3-52c8-4bfb-b930-801cb045b616,d9a591b5-b7eb-465a-9eed-f3a22e8b0232,2026-01-01,1200,Atrasado
c2c3bb5a-ed6e-40a9-bba2-b5a181c83aa2,d9a591b5-b7eb-465a-9eed-f3a22e8b0232,2026-02-01,1200,Pago
677070af-2843-427b-b4c6-9d19dbb039eb,d9a591b5-b7eb-465a-9eed-f3a22e8b0232,2026-03-01,1200,Pago
6d331467-ef35-4b50-b2ea-09e2eef3d90c,eb0ea8c1-7bb8-4e8d-866c-50a4b5ab1738,2026-01-01,1200,Pago
a0af2ec2-2dab-49a6-b656-de8477280bf0,eb0ea8c1-7bb8-4e8d-866c-50a4b5ab1738,2026-02-01,1200,Pago
c727a4fa-5322-4a76-9531-3f717276f0ad,eb0ea8c1-7bb8-4e8d-866c-50a4b5ab1738,2026-03-01,1200,Pago
99b4d904-1e9b-4d1d-9e36-249ccd793855,33486920-e887-4cfc-b371-1ba6b6876268,2026-01-01,1200,Pendente
f3b189a6-8f8e-499a-bf5e-069423358007,33486920-e887-4cfc-b371-1ba6b6876268,2026-02-01,1200,Atrasado
9ddcc15d-a5b2-40dd-b84d-e2160e27e2ea,33486920-e887-4cfc-b371-1ba6b6876268,2026-03-01,1200,Atrasado
e172093f-19be-4ca5-ad32-d77c310d2382,cd319142-8e85-4cc9-b6c4-35350955e81e,2026-01-01,1200,Pago
faf65a9b-5ae7-484a-9058-77c8f46aa960,cd319142-8e85-4cc9-b6c4-35350955e81e,2026-02-01,1200,Pago
198f2bd4-27b2-438e-893b-c5aea2c1da06,cd319142-8e85-4cc9-b6c4-35350955e81e,2026-03-01,1200,Pago
9a1b1039-8c8c-4d7c-9ab0-46b8ff9b5a92,4d9e545f-9e50-4642-b430-272bb988b0b3,2026-01-01,1200,Pago
9151052f-c4ce-4fab-aa13-1615e9523129,4d9e545f-9e50-4642-b430-272bb988b0b3,2026-02-01,1200,Pago
9a91cb8b-9a4a-41d3-b68b-5b86d583e895,4d9e545f-9e50-4642-b430-272bb988b0b3,2026-03-01,1200,Pago
d77bd93d-f205-4da7-bcbf-7e2e4155a8a4,d3b1cdd4-8921-424f-8acc-24c8ca820506,2026-01-01,1200,Pago
b123585a-5124-478c-afa1-3bb38b263534,d3b1cdd4-8921-424f-8acc-24c8ca820506,2026-02-01,1200,Pago
49d1e9c6-686e-42c8-96ee-641d0b0db11e,d3b1cdd4-8921-424f-8acc-24c8ca820506,2026-03-01,1200,Atrasado
6f02052e-fe07-436b-8fd8-19442395f151,7b84d284-e402-4e37-ae3e-c0866ec46242,2026-01-01,1200,Pago
a99e88b0-f14a-427d-b8de-a06ea7560e24,7b84d284-e402-4e37-ae3e-c0866ec46242,2026-02-01,1200,Pago
7e0c61a2-9dfb-412c-8103-661f33b031d2,7b84d284-e402-4e37-ae3e-c0866ec46242,2026-03-01,1200,Pago
432f45d2-6300-45dd-9232-f3ef9e095862,503104ea-15f3-4b38-b8c1-865f573ed78c,2026-01-01,1200,Pendente
25f3f9a8-f9f1-41df-ae71-486916288fd2,503104ea-15f3-4b38-b8c1-865f573ed78c,2026-02-01,1200,Pendente
82c99c1c-56c6-4980-98c7-6fc83a27d4dd,503104ea-15f3-4b38-b8c1-865f573ed78c,2026-03-01,1200,Atrasado
3fc6489f-ef4f-4c9e-b5bc-cd1daa28fdec,578298b1-20bd-4c2a-97c8-cb98f814954f,2026-01-01,1200,Pago
00385054-7b6b-4eba-bcaf-eec8d884326d,578298b1-20bd-4c2a-97c8-cb98f814954f,2026-02-01,1200,Pago
99d5951c-4f87-4514-ba84-c0eb536b8051,578298b1-20bd-4c2a-97c8-cb98f814954f,2026-03-01,1200,Pago
7a711831-28d1-42ee-b9e9-2c34baf26d0e,1a7f60eb-4c89-431d-90ed-57019a50d80e,2026-01-01,1200,Pago
c9b8d1d0-9bd1-4490-868c-dd60e1e125ab,1a7f60eb-4c89-431d-90ed-57019a50d80e,2026-02-01,1200,Pago
84fca9a1-9d3e-426b-b5a3-87c0a3bd1b75,1a7f60eb-4c89-431d-90ed-57019a50d80e,2026-03-01,1200,Pago
f2688383-840a-4cbb-81db-d4d46fa58743,70a27d45-20e2-4600-a7b8-3b0ebd2cf719,2026-01-01,1200,Pago
53790393-3f46-433f-bbb6-bc786455ffb1,70a27d45-20e2-4600-a7b8-3b0ebd2cf719,2026-02-01,1200,Pago
2eef8988-9408-4dfb-95e9-be8070805e18,70a27d45-20e2-4600-a7b8-3b0ebd2cf719,2026-03-01,1200,Pago
2cb3bf11-fe4e-4a8f-b925-8411cc4cb7b7,2f2af0bb-1ffc-46f7-9a7b-e7b54819ef27,2026-01-01,1200,Pago
2fae0323-3c92-4db3-a359-7c8ad615bf44,2f2af0bb-1ffc-46f7-9a7b-e7b54819ef27,2026-02-01,1200,Pago
09f9b72b-bd45-4045-b216-2806cb3c5043,2f2af0bb-1ffc-46f7-9a7b-e7b54819ef27,2026-03-01,1200,Atrasado
22172e70-bd12-4639-9d97-d72dda5977f2,07e96460-f40b-4003-af67-f955658a56f1,2026-01-01,1200,Pago
58f69fa3-62d4-459a-966a-b5cbd36f7447,07e96460-f40b-4003-af67-f955658a56f1,2026-02-01,1200,Atrasado
5ac63c0e-9081-4fac-b6aa-46686bdbf0b7,07e96460-f40b-4003-af67-f955658a56f1,2026-03-01,1200,Pago
09bd5e87-d2c0-4b4d-b2cf-395a96bf484c,46186d34-05b3-43f9-9df1-3a9f4dd641de,2026-01-01,1200,Pago
96002dd0-131b-4e42-9a35-71c17f2cd78e,46186d34-05b3-43f9-9df1-3a9f4dd641de,2026-02-01,1200,Pago
cca037b5-ce79-4a97-aee3-a345155bff2a,46186d34-05b3-43f9-9df1-3a9f4dd641de,2026-03-01,1200,Pago
657c3adc-17a8-415c-b370-8bbb61101df3,426e4dac-5a54-4cc6-ab70-62476f38e14c,2026-01-01,1200,Atrasado
382e0d69-5ca3-4b22-a4d6-ad6572111ee1,426e4dac-5a54-4cc6-ab70-62476f38e14c,2026-02-01,1200,Pendente
86e09a01-4796-46c2-932b-9fd4ce337642,426e4dac-5a54-4cc6-ab70-62476f38e14c,2026-03-01,1200,Atrasado
c74260d7-8ec7-4bf4-adb7-ffb46ac6189c,28acf821-95b6-48bc-b052-70cc010567ca,2026-01-01,1200,Pago
a95107a4-0ea1-4570-938d-364e540438c6,28acf821-95b6-48bc-b052-70cc010567ca,2026-02-01,1200,Pago
46ab50f2-8c6f-4d74-a716-693be79a1684,28acf821-95b6-48bc-b052-70cc010567ca,2026-03-01,1200,Pago
8862335a-807b-408a-9f08-9e6b5db26029,4c9878b8-fe6d-4c43-9203-e6e192307d62,2026-01-01,1200,Pago
40c31a2c-0d3c-457c-a5cb-11d7dfb2dac8,4c9878b8-fe6d-4c43-9203-e6e192307d62,2026-02-01,1200,Pago
d9ebd5e1-2471-4c37-ade3-6ee33f1a5039,4c9878b8-fe6d-4c43-9203-e6e192307d62,2026-03-01,1200,Atrasado
c94d66b7-d20e-43e4-b761-36dc01558a20,662c2c0f-5036-444f-b4e9-3db16bb6cd21,2026-01-01,1200,Pago
17d6aec8-60a0-48f5-a35a-04bb4a37586c,662c2c0f-5036-444f-b4e9-3db16bb6cd21,2026-02-01,1200,Atrasado
c71d493b-3b54-4a3b-aa93-3acb263c8554,662c2c0f-5036-444f-b4e9-3db16bb6cd21,2026-03-01,1200,Pago
b418e7ad-fd3b-4a95-b241-8cc1fbf1cff6,5a0d3eba-f603-4371-9eed-56eed5af4af4,2026-01-01,1200,Pago
81ceb4f1-9b69-4196-927b-e18c1f1a8d3a,5a0d3eba-f603-4371-9eed-56eed5af4af4,2026-02-01,1200,Pago
d6c98b1a-3694-4df7-9b9e-c6525f9311e5,5a0d3eba-f603-4371-9eed-56eed5af4af4,2026-03-01,1200,Pago
0f153aac-1330-4e8b-8fc7-7f4c6e55ce1f,99740173-4c08-4396-8b28-8f8421c40921,2026-01-01,1200,Pago
965b5eb8-ed2e-454e-a80d-289e7a64cffc,99740173-4c08-4396-8b28-8f8421c40921,2026-02-01,1200,Pago
b9459acb-2ad0-4837-871b-4599263b9825,99740173-4c08-4396-8b28-8f8421c40921,2026-03-01,1200,Pago
49026e93-dfcf-4920-9a19-ab1f4ea0e3cb,74b179b6-1115-491b-a782-a11e81df39cc,2026-01-01,1200,Pago
cf4f72e5-cc51-421b-a72e-f52e6fb7cf72,74b179b6-1115-491b-a782-a11e81df39cc,2026-02-01,1200,Pago
94e06484-eafa-40f7-a283-adb6421c7013,74b179b6-1115-491b-a782-a11e81df39cc,2026-03-01,1200,Pago
1d1c2a22-1f17-4641-9c50-96fe0f20866c,4fa0b3d9-b7f1-4cd2-9185-703c361c3ad3,2026-01-01,1200,Pago
58a78af5-f3dc-44d0-af54-16484261763e,4fa0b3d9-b7f1-4cd2-9185-703c361c3ad3,2026-02-01,1200,Pago
7821f6a9-be7e-4f90-8af6-69c65d3914b9,4fa0b3d9-b7f1-4cd2-9185-703c361c3ad3,2026-03-01,1200,Pago
e8593382-3fc8-4bf5-97c3-23bb1f13b8fd,02c13d20-ed92-40af-a5af-3e2678c2615c,2026-01-01,1200,Pago
adc88542-9e93-4e89-9baf-4f084ba94611,02c13d20-ed92-40af-a5af-3e2678c2615c,2026-02-01,1200,Pago
cd69ad94-da0e-4654-b9b2-f6eec3c60f8c,02c13d20-ed92-40af-a5af-3e2678c2615c,2026-03-01,1200,Pago
68875230-86d5-41cd-8279-77192528dcdd,513aa085-0bc8-465c-bbe8-b1c678240260,2026-01-01,1200,Pago
267ac3d8-3aa7-4f1a-a9aa-508bd02d6447,513aa085-0bc8-465c-bbe8-b1c678240260,2026-02-01,1200,Pago
1cce8cba-2d3a-4c92-8595-58a7cbeb278f,513aa085-0bc8-465c-bbe8-b1c678240260,2026-03-01,1200,Pago
fe56f508-65ac-42a3-a99f-dea3963a1bc4,7f2bee31-0d5c-4229-b76d-1f6be34bb5cf,2026-01-01,1200,Pago
63118457-f889-4b1b-9787-53b0abc4ce46,7f2bee31-0d5c-4229-b76d-1f6be34bb5cf,2026-02-01,1200,Pago
d414d630-aec5-4155-8200-483ae346ec14,7f2bee31-0d5c-4229-b76d-1f6be34bb5cf,2026-03-01,1200,Pago
0c0481fa-a42e-4d77-9777-d4a143047a46,66825a81-8595-4084-ac4b-d1ff16c50ab5,2026-01-01,1200,Pago
bb3aaed5-8410-4a7c-b365-533434c72718,66825a81-8595-4084-ac4b-d1ff16c50ab5,2026-02-01,1200,Pago
973f9026-c5a9-4036-91c2-89ec341c5eea,66825a81-8595-4084-ac4b-d1ff16c50ab5,2026-03-01,1200,Pago
de412313-b089-437d-85d5-551bccd4ea45,e723fa0e-419a-41c9-9e17-b5fcbc604b09,2026-01-01,1200,Pago
8c6fc76a-5cf3-4461-bc5d-03873df2256c,e723fa0e-419a-41c9-9e17-b5fcbc604b09,2026-02-01,1200,Pago
7976909c-a4cb-4cf9-8d94-8314f9277885,e723fa0e-419a-41c9-9e17-b5fcbc604b09,2026-03-01,1200,Pago
78605f73-26af-4fc9-be8b-5da7fa80611f,4b0699db-c690-4d03-915c-300e8c663daa,2026-01-01,1200,Pago
95bae014-b591-43bc-976c-a1b00ac4c51a,4b0699db-c690-4d03-915c-300e8c663daa,2026-02-01,1200,Pago
2a4f3fc9-6c06-4e9a-a205-726760d57491,4b0699db-c690-4d03-915c-300e8c663daa,2026-03-01,1200,Pago
caf3d26c-e2ac-4b03-ad8b-7138c35c561d,40ab11f5-4873-4f0b-bb39-5708071106f1,2026-01-01,1200,Pago
e889ba07-457b-4449-97f1-ddaa9e7e7c98,40ab11f5-4873-4f0b-bb39-5708071106f1,2026-02-01,1200,Pago
deaadeac-fabb-4369-a19a-d210997d8624,40ab11f5-4873-4f0b-bb39-5708071106f1,2026-03-01,1200,Pago
f81d1814-5e1e-4317-9fd9-8fe85c9e67cb,2ebb7d72-a4cb-4382-9d5b-c2c9225bdb3e,2026-01-01,1200,Pago
0b609de7-361e-4ffd-8d6c-35815e249470,2ebb7d72-a4cb-4382-9d5b-c2c9225bdb3e,2026-02-01,1200,Pago
f84923c9-42ff-49f8-8cad-d99e16c0ab78,2ebb7d72-a4cb-4382-9d5b-c2c9225bdb3e,2026-03-01,1200,Pago
b4d51dc0-74e4-4b8e-9ed6-15ba012cda6f,0c08b1fb-8880-4204-961d-e13bef721058,2026-01-01,1200,Atrasado
1f838e56-cd19-43ba-9df4-53a10371a5e1,0c08b1fb-8880-4204-961d-e13bef721058,2026-02-01,1200,Pago
4772e5e0-90db-437b-a79f-59ec269f7f55,0c08b1fb-8880-4204-961d-e13bef721058,2026-03-01,1200,Pago
b4759cb9-5965-439d-9ea8-75df459c24a8,34447528-be13-4f5a-8aa3-dbdedc46b9d0,2026-01-01,1200,Pago
0fc68018-5435-4e04-a242-4bad05d74180,34447528-be13-4f5a-8aa3-dbdedc46b9d0,2026-02-01,1200,Pago
f436e09b-8291-414e-aef3-5699769b1ae6,34447528-be13-4f5a-8aa3-dbdedc46b9d0,2026-03-01,1200,Pago
ff5b0498-1689-4383-8522-e17f67957984,50890585-4aea-4489-bba6-b28a36914c30,2026-01-01,1200,Atrasado
aafaacc9-2259-4749-b39b-253079973a01,50890585-4aea-4489-bba6-b28a36914c30,2026-02-01,1200,Pago
bb3ef591-cf10-4b3d-bb8d-3e1e0f6d2924,50890585-4aea-4489-bba6-b28a36914c30,2026-03-01,1200,Pago
6dd55dff-ab20-45b5-b883-e0951aa1dc1a,03ecd852-b3cb-4d13-9301-2ac5e68580f5,2026-01-01,1200,Pago
6e1eaa6e-b03d-4ef9-8b57-27dc28529d51,03ecd852-b3cb-4d13-9301-2ac5e68580f5,2026-02-01,1200,Pago
a6b24efa-9206-46fa-8509-658b4bd923f9,03ecd852-b3cb-4d13-9301-2ac5e68580f5,2026-03-01,1200,Pago
e14270b4-324d-47f7-bd20-4dbb571d727d,4158463a-13a5-4040-be34-d3975dbc56c4,2026-01-01,1200,Pago
1cb93582-e73b-4466-abb8-5c50b55681a4,4158463a-13a5-4040-be34-d3975dbc56c4,2026-02-01,1200,Pago
ccca9011-9bbd-499c-927e-45e8e369d8d6,4158463a-13a5-4040-be34-d3975dbc56c4,2026-03-01,1200,Pago
5233f7d6-c31d-4616-82c3-702b79ae3ec9,c05b8a2a-9d52-4fe0-bdbe-10c350484682,2026-01-01,1200,Pago
6a57689b-518d-469c-ba02-65bcbf4d722e,c05b8a2a-9d52-4fe0-bdbe-10c350484682,2026-02-01,1200,Pago
f2e08aa0-1186-4de7-a192-dcb2ba6058b4,c05b8a2a-9d52-4fe0-bdbe-10c350484682,2026-03-01,1200,Pago
aaab04fa-211c-4b67-9433-f60298e4e9e2,ebf17a24-2136-4e95-9494-8fa63dd3c3e8,2026-01-01,1200,Pago
688ce415-38ae-4173-aa42-8012e0561551,ebf17a24-2136-4e95-9494-8fa63dd3c3e8,2026-02-01,1200,Pago
5057782f-722b-4db6-8ae3-56ebdeb21918,ebf17a24-2136-4e95-9494-8fa63dd3c3e8,2026-03-01,1200,Pago
a1eb7d0a-7748-4aac-9169-537c88747742,3ddb6df5-4b07-480b-91bd-3f43a0ddd71f,2026-01-01,1200,Pago
bc12e03c-42b5-498d-8d00-6f22cee100c9,3ddb6df5-4b07-480b-91bd-3f43a0ddd71f,2026-02-01,1200,Pago
31d90a97-4fe7-4e92-a08b-1bd0a672af3f,3ddb6df5-4b07-480b-91bd-3f43a0ddd71f,2026-03-01,1200,Pago
207daa47-7127-4052-b8da-f8af38efc938,a316096e-a7bd-4a9d-9ca6-eab422c6af76,2026-01-01,1200,Pago
7e07565a-bbd0-4b29-a24c-5fa217a38e5e,a316096e-a7bd-4a9d-9ca6-eab422c6af76,2026-02-01,1200,Pago
279f8fb7-1bb8-4edb-8485-58a1238c4f74,a316096e-a7bd-4a9d-9ca6-eab422c6af76,2026-03-01,1200,Pago
2db8046f-11c0-47f8-85c4-15fd30309cec,34c46247-6cd9-47b8-b7ae-60815dc79940,2026-01-01,1200,Pago
4476b49e-1046-4701-9f2c-55e2ac4c3d65,34c46247-6cd9-47b8-b7ae-60815dc79940,2026-02-01,1200,Pago
11a2cae6-0ff2-4a84-bf46-f49ceec29b78,34c46247-6cd9-47b8-b7ae-60815dc79940,2026-03-01,1200,Pago
55d3cc22-be11-469b-b849-c3317263f1b7,25c27c13-ab5e-4f4f-9e7c-1cb80bfe3bcd,2026-01-01,1200,Pago
329044a6-2710-4c29-bb71-195a65da07d6,25c27c13-ab5e-4f4f-9e7c-1cb80bfe3bcd,2026-02-01,1200,Pago
dd0cc2e9-67ed-4085-928e-219705a4eca7,25c27c13-ab5e-4f4f-9e7c-1cb80bfe3bcd,2026-03-01,1200,Pago
a43b81ba-7586-4470-9244-ba5c9dd6cc9a,765b408c-9843-4c3e-b504-39d6a3d426fa,2026-01-01,1200,Pago
7a56e06d-3b01-4efa-b511-d1e8f2266b82,765b408c-9843-4c3e-b504-39d6a3d426fa,2026-02-01,1200,Atrasado
a6ea2a09-e0aa-40e9-9f85-8888558437c1,765b408c-9843-4c3e-b504-39d6a3d426fa,2026-03-01,1200,Pago
f2391f18-c535-4a28-8ded-2c4e3b38cfd3,4ce67d43-1004-4024-97b4-e31f0585f854,2026-01-01,1200,Pago
0ccbf522-e6f4-4e11-85fd-e0472b44dd82,4ce67d43-1004-4024-97b4-e31f0585f854,2026-02-01,1200,Pago
d9c1f96e-2bee-4c39-84af-2baaa1565c03,4ce67d43-1004-4024-97b4-e31f0585f854,2026-03-01,1200,Pago
84642e11-6367-47e0-821b-aa35a8640ef6,aff7f63f-2315-4ec2-b2c0-729285aecd8f,2026-01-01,1200,Pago
13ac494f-8ed7-4748-a12b-ad4dae76b02f,aff7f63f-2315-4ec2-b2c0-729285aecd8f,2026-02-01,1200,Pago
06a6aa08-bd92-476b-8580-1289e33c6e30,aff7f63f-2315-4ec2-b2c0-729285aecd8f,2026-03-01,1200,Pago
93189e56-1e17-418a-8af1-a5a10a21e27c,31c0d803-5bfc-49fd-a6ea-094919b809f5,2026-01-01,1200,Pago
a12afa9e-021b-471e-af62-f2669c7eadf9,31c0d803-5bfc-49fd-a6ea-094919b809f5,2026-02-01,1200,Pago
ae6bb3c2-470a-4c18-af39-b3741a7ca6bc,31c0d803-5bfc-49fd-a6ea-094919b809f5,2026-03-01,1200,Pago
ca893fdd-5e5a-42ef-9de8-0ad992d875b7,77b4a962-664c-4b50-9d9b-4660beee6baa,2026-01-01,1200,Pago
7b9055a6-0afa-46a6-aa00-859dac3e2eb3,77b4a962-664c-4b50-9d9b-4660beee6baa,2026-02-01,1200,Pago
b3ba52bd-197e-48b5-89bc-babd418a0a09,77b4a962-664c-4b50-9d9b-4660beee6baa,2026-03-01,1200,Pago
2f2e7af1-3937-4c66-98aa-8066ed8b20d9,72604acb-7662-4e28-a66f-c61c5971d6d8,2026-01-01,1200,Pago
90b3c30b-a033-415a-972b-1186ff8359ce,72604acb-7662-4e28-a66f-c61c5971d6d8,2026-02-01,1200,Pago
c4e0a61a-e548-4079-a8f5-d0b6e3c95087,72604acb-7662-4e28-a66f-c61c5971d6d8,2026-03-01,1200,Pago
e7c0030f-9edb-43f9-8b2e-bcc66efa0046,6d52a188-de8e-4844-89f8-6c0df29b6055,2026-01-01,1200,Pago
76b389f1-0928-46c9-87aa-f8cbb084c0b0,6d52a188-de8e-4844-89f8-6c0df29b6055,2026-02-01,1200,Pago
d2b78fe7-325a-478a-bac4-8efa4453fb31,6d52a188-de8e-4844-89f8-6c0df29b6055,2026-03-01,1200,Pago
6b461bdf-f3ff-48cd-a1b0-b10e6cbb994c,b384279c-840c-4a6c-bd98-a75716456727,2026-01-01,1200,Pago
ccb06956-5f81-4d65-b624-a29e53508f8a,b384279c-840c-4a6c-bd98-a75716456727,2026-02-01,1200,Pago
196b4513-c415-4664-8440-6d85fd3310ec,b384279c-840c-4a6c-bd98-a75716456727,2026-03-01,1200,Pago
dc94ac7c-95a6-4411-9c4e-fda66b0bf0d5,6a880f06-5de9-43fe-96f7-88d71074cb8c,2026-01-01,1200,Atrasado
a4150ff4-8d53-40c0-8c84-70831b924345,6a880f06-5de9-43fe-96f7-88d71074cb8c,2026-02-01,1200,Atrasado
da908ca8-4fc1-4cd7-aa31-4a0a05a769ee,6a880f06-5de9-43fe-96f7-88d71074cb8c,2026-03-01,1200,Atrasado
5b289eaf-df96-44f7-af28-b0693c91b6b2,da71c231-ff3f-4b66-b1e4-d99f69732abc,2026-01-01,1200,Pago
a1a6a8ab-0f71-4453-a184-4528f16d27d7,da71c231-ff3f-4b66-b1e4-d99f69732abc,2026-02-01,1200,Pago
51ab0e22-f234-4901-8a6f-00194a3c7614,da71c231-ff3f-4b66-b1e4-d99f69732abc,2026-03-01,1200,Atrasado
51d9baa4-6acf-4faa-bb33-319d59d7f31f,3e5fc84a-5ea2-4618-bf18-6a12732a070b,2026-01-01,1200,Pago
471aeb2e-ffa0-4f49-9be3-f687ff01fdb3,3e5fc84a-5ea2-4618-bf18-6a12732a070b,2026-02-01,1200,Pago
3c7c4677-d468-4fde-9e5d-a703e9987922,3e5fc84a-5ea2-4618-bf18-6a12732a070b,2026-03-01,1200,Pago
a3de0770-9b5a-4f24-9e2a-90a8c579a6d2,7764271c-289e-419e-ae42-2e90c35503b4,2026-01-01,1200,Pago
eccb3d64-e986-4532-aef3-346e387db457,7764271c-289e-419e-ae42-2e90c35503b4,2026-02-01,1200,Pago
1b1c2569-676a-4e08-bb7e-f628a9aaf078,7764271c-289e-419e-ae42-2e90c35503b4,2026-03-01,1200,Pago
b38715b6-3615-46d1-adf2-186ba4d85d10,16bf6251-469d-436d-8249-10c9bd04aa44,2026-01-01,1200,Pendente
c9012c94-ea79-4525-a69c-d0856050eace,16bf6251-469d-436d-8249-10c9bd04aa44,2026-02-01,1200,Pendente
b97a060a-4a60-4a08-aeea-56f975133fa0,16bf6251-469d-436d-8249-10c9bd04aa44,2026-03-01,1200,Pendente
92783d67-969a-4f41-8790-258204a6986a,0c95c5c6-641d-49a3-8b62-a96b62d432b8,2026-01-01,1200,Pago
fc0b1f35-a35d-427c-bbd4-90550a400bc7,0c95c5c6-641d-49a3-8b62-a96b62d432b8,2026-02-01,1200,Pago
b88e6ab8-2b20-468f-90c7-280311acd404,0c95c5c6-641d-49a3-8b62-a96b62d432b8,2026-03-01,1200,Pago
657daedf-8468-4076-999e-f3d35e9895ab,8215def4-d8a9-4adb-856f-ab3fc0801678,2026-01-01,1200,Atrasado
e0b86b6c-60a8-43c4-8ad2-daf84df6af50,8215def4-d8a9-4adb-856f-ab3fc0801678,2026-02-01,1200,Pendente
7d1257f3-f09b-4094-91c1-7a926ecd98fa,8215def4-d8a9-4adb-856f-ab3fc0801678,2026-03-01,1200,Pendente
f46a62a9-ac7f-4db9-8d8e-0405a5849817,f6263966-eddc-41e0-827b-2aebdc3e4fcc,2026-01-01,1200,Atrasado
061885aa-2484-4ff5-8902-a5e4ef09ea20,f6263966-eddc-41e0-827b-2aebdc3e4fcc,2026-02-01,1200,Atrasado
52b9bc46-3677-4bc2-9eac-489b79b92908,f6263966-eddc-41e0-827b-2aebdc3e4fcc,2026-03-01,1200,Atrasado
8b70d27e-9a09-4620-bc0a-d1ce1a479cbf,34e891cb-08a8-4bdc-a2b5-c16b07b7acb9,2026-01-01,1200,Pago
e7d3dbb1-2229-40ea-aae5-41bb0ee02adf,34e891cb-08a8-4bdc-a2b5-c16b07b7acb9,2026-02-01,1200,Pago
006ef5a8-d521-4aae-a546-792a79256bec,34e891cb-08a8-4bdc-a2b5-c16b07b7acb9,2026-03-01,1200,Atrasado
d89424e8-7d63-492d-a43d-2f990ecdd2ca,ac8055c5-d8d2-448e-86f0-2e5bca350d07,2026-01-01,1200,Pago
3a58f021-38b2-41bc-ad84-2dc247367ac4,ac8055c5-d8d2-448e-86f0-2e5bca350d07,2026-02-01,1200,Pago
6eadc27c-245f-4715-90c9-c8901df19903,ac8055c5-d8d2-448e-86f0-2e5bca350d07,2026-03-01,1200,Pago
70c59a60-d1ef-425e-a873-24ed58b7336d,263ae26a-49fe-45ac-b79f-b77f5f22ffd5,2026-01-01,1200,Pago
e528a698-72bf-444e-be04-6894a0cfaca5,263ae26a-49fe-45ac-b79f-b77f5f22ffd5,2026-02-01,1200,Pago
a4417979-2c74-4059-a3b8-7f516b79b991,263ae26a-49fe-45ac-b79f-b77f5f22ffd5,2026-03-01,1200,Atrasado
e15e8ff9-6265-4aef-ac0c-629b4f2b7627,572c4a41-357a-4773-abe7-81cadfea5f0d,2026-01-01,1200,Pago
95abf3d5-5390-4a24-b1e0-5b0328277d01,572c4a41-357a-4773-abe7-81cadfea5f0d,2026-02-01,1200,Pago
6fd79d94-0f65-4f68-baa2-35ba9c5aee55,572c4a41-357a-4773-abe7-81cadfea5f0d,2026-03-01,1200,Pago
5b56c932-2e9b-4a94-8499-8d388daf8478,f83e6a58-9611-4748-99fe-b2fcbf271de8,2026-01-01,1200,Pago
b92c2493-1f22-44e7-9116-dbbf0c8c1b93,f83e6a58-9611-4748-99fe-b2fcbf271de8,2026-02-01,1200,Pago
32cca8b0-d98b-403f-8b50-4eb5f8633df4,f83e6a58-9611-4748-99fe-b2fcbf271de8,2026-03-01,1200,Pago
0835dfb0-92b2-4b1d-b4a8-9b096aa54b5d,076aea98-f3e6-4077-a468-c4d46fb1c2e9,2026-01-01,1200,Pago
673b4078-4bf8-42cc-8625-e1812a7670ad,076aea98-f3e6-4077-a468-c4d46fb1c2e9,2026-02-01,1200,Atrasado
50d93585-d489-48d7-889a-5194dd8c42b2,076aea98-f3e6-4077-a468-c4d46fb1c2e9,2026-03-01,1200,Pago
5c44f698-d116-4a19-87c9-39dc76df1f81,645718dc-a31e-4b99-88ef-71c8350ba90a,2026-01-01,1200,Atrasado
321d0290-6c06-47b9-bafd-8aff7876d92d,645718dc-a31e-4b99-88ef-71c8350ba90a,2026-02-01,1200,Pago
04431e6d-e59d-4bcf-83c9-bc69b599069f,645718dc-a31e-4b99-88ef-71c8350ba90a,2026-03-01,1200,Pago
c68736c6-ade3-41b4-9b72-32a59e6d7293,fde02259-e66e-4635-9eac-3b9b84021582,2026-01-01,1200,Pago
2ce5622b-0f2e-47e5-bd1e-df73cdb7367c,fde02259-e66e-4635-9eac-3b9b84021582,2026-02-01,1200,Pago
37698642-53b6-459e-a468-23fcc6f681be,fde02259-e66e-4635-9eac-3b9b84021582,2026-03-01,1200,Pago
f0dd6353-9d33-4c03-9aa6-1d8ca7dd5bd3,c5111f39-bc65-4286-8e3e-d0f4efb96397,2026-01-01,1200,Pago
0b2ed13b-01df-4f49-8f54-3ca778421c95,c5111f39-bc65-4286-8e3e-d0f4efb96397,2026-02-01,1200,Pago
437b7279-6276-4ec3-91d7-373bacf02a4b,c5111f39-bc65-4286-8e3e-d0f4efb96397,2026-03-01,1200,Pago
ea42857e-948f-4119-b2de-42034f283561,bcb04273-3be2-43da-bbc8-479b23280d65,2026-01-01,1200,Pago
03600b7d-2381-4595-961a-18696cb7edc3,bcb04273-3be2-43da-bbc8-479b23280d65,2026-02-01,1200,Pago
db138374-ebd9-4aba-b3e1-ed1047eb3836,bcb04273-3be2-43da-bbc8-479b23280d65,2026-03-01,1200,Pago
503e5c15-74fc-4b93-b235-bf8b04fde931,3608ce14-efca-44d9-bd67-ab24f65c6d7f,2026-01-01,1200,Pago
fbb8f1f0-a489-4fdc-8435-1ea4c2666fb7,3608ce14-efca-44d9-bd67-ab24f65c6d7f,2026-02-01,1200,Pago
d7519a91-fa4c-4489-a628-8ba315b7af51,3608ce14-efca-44d9-bd67-ab24f65c6d7f,2026-03-01,1200,Pago
a8bbd3b9-efee-4ae0-9901-2f5f9f1c9e77,ffe50822-f443-49c1-9f05-35d3784933dc,2026-01-01,1200,Atrasado
3939d179-72ab-4d43-94c7-5413d00f6e83,ffe50822-f443-49c1-9f05-35d3784933dc,2026-02-01,1200,Atrasado
688700a4-7361-4da8-a09d-36fec18680b9,ffe50822-f443-49c1-9f05-35d3784933dc,2026-03-01,1200,Pago
c83da2b9-9a60-4e53-bdaf-9143aaa49ecd,36f7d0bc-9737-46f1-b9eb-4ddd25affc84,2026-01-01,1200,Atrasado
57612d03-e405-4456-8fa0-64cfe76be40f,36f7d0bc-9737-46f1-b9eb-4ddd25affc84,2026-02-01,1200,Pendente
cb3b623b-b138-4631-9409-70f3da482fa0,36f7d0bc-9737-46f1-b9eb-4ddd25affc84,2026-03-01,1200,Pendente
910a5a00-96d6-4f2b-af8e-46e889998a17,1bbecaea-dcc3-4642-8270-792c70364b28,2026-01-01,1200,Pago
9bdb03b5-8a59-4d45-834d-9d9352a17fc0,1bbecaea-dcc3-4642-8270-792c70364b28,2026-02-01,1200,Atrasado
ab6b1e6f-d187-4c87-b2f1-2797087f2e33,1bbecaea-dcc3-4642-8270-792c70364b28,2026-03-01,1200,Pago
64a2e8b0-cf8a-4422-a740-d9138c9d7488,9d88e894-3f8a-456a-9d5c-13b0478e49e3,2026-01-01,1200,Pago
1c942f5b-8e05-4dff-b145-9738e8ed9152,9d88e894-3f8a-456a-9d5c-13b0478e49e3,2026-02-01,1200,Pago
fdba534f-8ae7-410b-ba8c-9c9a614a12a1,9d88e894-3f8a-456a-9d5c-13b0478e49e3,2026-03-01,1200,Pago
339fff02-0a58-4458-80ca-99132385f069,a9330cad-31d9-4749-9d36-160a3e239bf8,2026-01-01,1200,Pago
4a3f2856-a0ad-48f6-a138-e7fb6fbff991,a9330cad-31d9-4749-9d36-160a3e239bf8,2026-02-01,1200,Pago
ff0102ed-5008-4209-90cd-fd688f8490e7,a9330cad-31d9-4749-9d36-160a3e239bf8,2026-03-01,1200,Atrasado
6efea100-0083-4b23-a36c-6f08b148a248,a096e97d-2176-4522-8ee8-f932a01bb436,2026-01-01,1200,Pago
3b6cb5b5-43f2-44b5-8648-28c077d7bb62,a096e97d-2176-4522-8ee8-f932a01bb436,2026-02-01,1200,Pago
fa2c0d8c-2598-482a-a149-af8f4188d4d3,a096e97d-2176-4522-8ee8-f932a01bb436,2026-03-01,1200,Pago
5776dd4e-017d-47e4-9ba8-c3e21485af6e,d8b68e3b-504e-4693-98d5-cb702308a4f1,2026-01-01,1200,Pago
7c2da8fb-2cb4-4b3c-b5d8-b2172aec5b4f,d8b68e3b-504e-4693-98d5-cb702308a4f1,2026-02-01,1200,Pago
3429cc1a-3d66-419c-b153-89de89ab8277,d8b68e3b-504e-4693-98d5-cb702308a4f1,2026-03-01,1200,Pago
067c3817-2b91-4daf-b140-ad6190ad8acf,aa67cbd7-83e1-4302-b5f9-981677875472,2026-01-01,1200,Pago
191ed1b7-2e9a-44c7-8c24-216d9260050f,aa67cbd7-83e1-4302-b5f9-981677875472,2026-02-01,1200,Pago
f1cb5d6f-ab38-49e8-b20b-b74d0c6d19ca,aa67cbd7-83e1-4302-b5f9-981677875472,2026-03-01,1200,Pago
2b4866de-03df-4388-87df-3ed1647a7413,27d1402d-40c1-4675-b17f-6570143d184b,2026-01-01,1200,Pago
99ffdadd-5274-47ca-b584-a5132ce84507,27d1402d-40c1-4675-b17f-6570143d184b,2026-02-01,1200,Pago
34b5e7af-7a41-40d1-8ee1-1aad0910954b,27d1402d-40c1-4675-b17f-6570143d184b,2026-03-01,1200,Atrasado
d88b2678-b2cc-4d7b-a309-e3720af632ed,3e03a900-baf7-408b-bce7-2a70c912faa5,2026-01-01,1200,Pago
d58ac2e4-cbba-4781-98c5-396783ec0a83,3e03a900-baf7-408b-bce7-2a70c912faa5,2026-02-01,1200,Pago
f27e6ab9-becb-459f-8a75-f30982b73d6b,3e03a900-baf7-408b-bce7-2a70c912faa5,2026-03-01,1200,Pago
a42f74a7-d23c-4097-9eb6-4033cd7a181f,52d03401-a591-4548-b9f7-7e0265be0fab,2026-01-01,1200,Pago
4fcd8cdd-34e4-4f1c-9510-3119eb3fd3fa,52d03401-a591-4548-b9f7-7e0265be0fab,2026-02-01,1200,Pago
55dd0905-7c00-4bda-a75c-7172cb5881c4,52d03401-a591-4548-b9f7-7e0265be0fab,2026-03-01,1200,Atrasado
2e3d1d57-0208-4acc-bb31-45af7667022b,16431f34-fe6d-4748-a7f9-d9daecbaba8f,2026-01-01,1200,Pago
6639a458-5f30-4954-975c-d3ba686c7f33,16431f34-fe6d-4748-a7f9-d9daecbaba8f,2026-02-01,1200,Pago
bf2d5b4d-b9ca-44db-8ab9-fe6b4419a70f,16431f34-fe6d-4748-a7f9-d9daecbaba8f,2026-03-01,1200,Pago
8c203f06-e2ec-492f-84e7-6df92d056c35,7eeee617-d057-4086-966a-0938a4e36042,2026-01-01,1200,Pago
7e2ef19e-8c52-4f0c-a121-e7c7617a8f12,7eeee617-d057-4086-966a-0938a4e36042,2026-02-01,1200,Pago
b2d99a93-af79-47dd-a04e-cf26d0611e1a,7eeee617-d057-4086-966a-0938a4e36042,2026-03-01,1200,Pago
40bf489b-d1f7-4850-bc50-adaa01d79b45,5d81c94f-24cc-46db-a281-16f355cbb9c3,2026-01-01,1200,Pago
46e9d21a-f425-41d0-bb77-4c4faa7586f9,5d81c94f-24cc-46db-a281-16f355cbb9c3,2026-02-01,1200,Pago
5b7a97f3-b0fd-4c9b-9e69-7b90a048e674,5d81c94f-24cc-46db-a281-16f355cbb9c3,2026-03-01,1200,Pago
caa84512-019b-418b-b170-cb07df282228,2e7d21f9-c43f-4659-aa4f-22eb6ad02a4b,2026-01-01,1200,Pago
2e8c14c7-4ea4-499a-a462-b65785360124,2e7d21f9-c43f-4659-aa4f-22eb6ad02a4b,2026-02-01,1200,Pago
6683f590-202f-4b20-bb03-82cc40f33057,2e7d21f9-c43f-4659-aa4f-22eb6ad02a4b,2026-03-01,1200,Pago
ad080108-d75b-44dc-9194-324dc1e99baa,c82e6bc9-6668-4b78-b3e4-858fcdacfe2b,2026-01-01,1200,Atrasado
42b5bc75-981d-4a6d-b66d-e1ad576b7c90,c82e6bc9-6668-4b78-b3e4-858fcdacfe2b,2026-02-01,1200,Pago
dd6a8817-8cf4-4bdb-af31-37c091815bc7,c82e6bc9-6668-4b78-b3e4-858fcdacfe2b,2026-03-01,1200,Pago
d8b2c3df-30e8-4edc-9e47-02254f657cd6,3f1bddda-b3eb-48ef-8a52-2cd53d596afe,2026-01-01,1200,Pago
5b4e93b6-b5b0-40c6-9e71-a28c941b6686,3f1bddda-b3eb-48ef-8a52-2cd53d596afe,2026-02-01,1200,Pago
e39008b4-2705-49fe-b423-0e2672f5b14b,3f1bddda-b3eb-48ef-8a52-2cd53d596afe,2026-03-01,1200,Pago
8a274d0c-b136-4434-b2d6-f271363b1772,16afc9cc-59d7-474f-bea6-f0492598394e,2026-01-01,1200,Pago
4e79af57-ba81-40de-8644-9a0aa59dca20,16afc9cc-59d7-474f-bea6-f0492598394e,2026-02-01,1200,Pago
a726909c-ff6b-4d8a-baef-52805f184107,16afc9cc-59d7-474f-bea6-f0492598394e,2026-03-01,1200,Atrasado
08514b1e-74fc-440b-8135-5382fd615ce6,8e615763-f0fc-422b-a55f-858f8eb6f37e,2026-01-01,1200,Pago
8def8ee4-c4bd-4849-aeb4-13a207a3f31c,8e615763-f0fc-422b-a55f-858f8eb6f37e,2026-02-01,1200,Atrasado
22f07529-4a2c-47e4-bacd-ea8754d70364,8e615763-f0fc-422b-a55f-858f8eb6f37e,2026-03-01,1200,Pago
884f47d9-95c3-48b2-8640-875991eb6f50,a0e19ae2-7198-431b-b21c-90a4930b59af,2026-01-01,1200,Pago
a5af0d4b-8c90-4cfd-954b-1048ec83d5ad,a0e19ae2-7198-431b-b21c-90a4930b59af,2026-02-01,1200,Pago
3b82f7d3-0c15-4646-ad8a-d9140ef0e939,a0e19ae2-7198-431b-b21c-90a4930b59af,2026-03-01,1200,Pago
7e354a20-3571-4293-8c1a-b446102fd39d,75e673ea-4658-4524-a447-f006c6d9839f,2026-01-01,1200,Pago
868a4ca2-8c9a-4b08-861a-f061a4219974,75e673ea-4658-4524-a447-f006c6d9839f,2026-02-01,1200,Pago
c7950150-3c52-424c-9a26-56d9bb1fc02a,75e673ea-4658-4524-a447-f006c6d9839f,2026-03-01,1200,Pago
1016cb3e-5eab-4858-9ff6-381e97385f6c,bd439de1-2b81-44fc-a2eb-bd2f8d47afa1,2026-01-01,1200,Pago
524211ad-65e9-465d-9012-553c845f5ffb,bd439de1-2b81-44fc-a2eb-bd2f8d47afa1,2026-02-01,1200,Atrasado
534d8642-3eed-4064-8f12-1edbb8b77dc5,bd439de1-2b81-44fc-a2eb-bd2f8d47afa1,2026-03-01,1200,Pago
b18e1573-233e-4962-a748-0868737c8fdf,67c5ce6f-9143-465e-b3bc-9e8df7198d72,2026-01-01,1200,Pago
4454416e-17b1-43b5-9768-703ae8106967,67c5ce6f-9143-465e-b3bc-9e8df7198d72,2026-02-01,1200,Pago
8834f24c-cec1-4219-8570-fa67ad57f086,67c5ce6f-9143-465e-b3bc-9e8df7198d72,2026-03-01,1200,Atrasado
7085a65b-a5c4-4cb3-9c2f-38b50b4cd084,406012d9-ea97-4c85-a28c-e77b623d7d50,2026-01-01,1200,Pago
a7e98a5c-4337-4ee6-bb33-7fd5bcb38f73,406012d9-ea97-4c85-a28c-e77b623d7d50,2026-02-01,1200,Pago
7d52955c-43a1-487d-b3fa-087fc9c8c569,406012d9-ea97-4c85-a28c-e77b623d7d50,2026-03-01,1200,Pago
5f57ec80-0d17-4081-82ee-3ba526f40f1f,9ea03c39-53cb-431d-aa4e-2ac67f214754,2026-01-01,1200,Pago
7d40ffda-d0e6-4409-9d42-a6f8049f5e29,9ea03c39-53cb-431d-aa4e-2ac67f214754,2026-02-01,1200,Pago
b442f143-c77d-437d-aa15-1339be709cc7,9ea03c39-53cb-431d-aa4e-2ac67f214754,2026-03-01,1200,Pago
f89e01b2-81b6-4f87-aae1-ba0d0447a080,ec25fa8c-c536-4f83-8ae0-1cf805fbce1d,2026-01-01,1200,Pago
5ace3515-9396-4b19-bc31-9a5b0d9ed83a,ec25fa8c-c536-4f83-8ae0-1cf805fbce1d,2026-02-01,1200,Pago
8d8b2de3-e185-420d-ae7f-a1978ccaebd8,ec25fa8c-c536-4f83-8ae0-1cf805fbce1d,2026-03-01,1200,Pago
1e0ca55e-c308-42a4-a011-c7560cc43f14,ead306bd-1416-4d1e-b495-2cb83367c8d5,2026-01-01,1200,Pago
081d54e6-760c-4525-b391-39a9f70b40e9,ead306bd-1416-4d1e-b495-2cb83367c8d5,2026-02-01,1200,Pago
048d6291-d4f4-48e9-8f06-6a69f5b1b183,ead306bd-1416-4d1e-b495-2cb83367c8d5,2026-03-01,1200,Pago
ea7b450f-2946-4def-83f6-5b8109e71a94,b3121343-0ff7-4d25-812b-27ad71404c52,2026-01-01,1200,Atrasado
a869bac5-1779-4bf6-9f41-151e5a149be4,b3121343-0ff7-4d25-812b-27ad71404c52,2026-02-01,1200,Pago
03768f43-3d25-4b1b-b21f-2b40bd2558bb,b3121343-0ff7-4d25-812b-27ad71404c52,2026-03-01,1200,Pago
e3e1485b-14b4-4161-a506-8874bcf4a8f9,024c367d-5100-424f-ac5e-448143354324,2026-01-01,1200,Pago
27771b2b-692b-4b91-a292-fd233ff18e7e,024c367d-5100-424f-ac5e-448143354324,2026-02-01,1200,Pago
05c294de-c958-4141-8fe3-91109777be28,024c367d-5100-424f-ac5e-448143354324,2026-03-01,1200,Pago
c94cf4d3-da49-42f7-b73e-e74aaf9b46cc,3e61aa56-b462-4ba5-aee0-17598d29a914,2026-01-01,1200,Atrasado
f04fdcc7-a807-4026-a135-5d0f7e56b605,3e61aa56-b462-4ba5-aee0-17598d29a914,2026-02-01,1200,Pago
fb2e4352-776a-4322-a6c6-f99a4c47bcae,3e61aa56-b462-4ba5-aee0-17598d29a914,2026-03-01,1200,Atrasado
ac642af2-dd9f-4f18-b189-97abbd78b550,7a671423-ad4e-4b29-b87b-e0ae65cbcc4e,2026-01-01,1200,Pago
5c38acb6-ef49-42a0-a739-76e111f73def,7a671423-ad4e-4b29-b87b-e0ae65cbcc4e,2026-02-01,1200,Pago
46e2c5e2-bcdc-4537-810a-8a02f95620a8,7a671423-ad4e-4b29-b87b-e0ae65cbcc4e,2026-03-01,1200,Pago
a359d2a6-55f9-4fce-ac93-d076c6589b11,4a271a14-a305-4fb7-bf19-11c7c23c8de6,2026-01-01,1200,Atrasado
e68e5f74-4871-4315-b0c8-60d3ad5c3b94,4a271a14-a305-4fb7-bf19-11c7c23c8de6,2026-02-01,1200,Pago
5d0c8bc9-3a45-416e-9bdd-3747cb68c542,4a271a14-a305-4fb7-bf19-11c7c23c8de6,2026-03-01,1200,Pago
3d667e4f-40fa-4f14-bafe-4d504429870b,fae28fe0-98b5-4b93-b50d-524d52acf7e2,2026-01-01,1200,Pago
af0c58de-4353-4b54-8c7a-ea2f7cfcae33,fae28fe0-98b5-4b93-b50d-524d52acf7e2,2026-02-01,1200,Pago
f2c84e65-f7a3-4962-89db-62197c43faaf,fae28fe0-98b5-4b93-b50d-524d52acf7e2,2026-03-01,1200,Pago
a3682e76-58fe-4469-b83e-aa34c0982a82,dfc6de5e-ac71-40de-b8f1-359151c7c6ed,2026-01-01,1200,Pago
fb01c508-d0c1-47bd-b30a-15ba9ccd30ca,dfc6de5e-ac71-40de-b8f1-359151c7c6ed,2026-02-01,1200,Pago
dcfbb8c2-1be2-44d1-aa53-1eb2a0a2d2b0,dfc6de5e-ac71-40de-b8f1-359151c7c6ed,2026-03-01,1200,Pago
60e79ed5-6d9a-4486-a903-fee16b388526,5a6d24b3-b9a1-4b2d-8d3d-297c449e0b01,2026-01-01,1200,Pago
9541c999-efe6-4b77-8b3a-36f7243f9b0f,5a6d24b3-b9a1-4b2d-8d3d-297c449e0b01,2026-02-01,1200,Pago
7f7e906e-4182-4227-992c-b6fcafd6cf9c,5a6d24b3-b9a1-4b2d-8d3d-297c449e0b01,2026-03-01,1200,Pago
e127a43e-619a-40e2-a844-390b24d63f4e,854dfa8b-2638-412c-a7de-45af4238ec6d,2026-01-01,1200,Pago
bc251efc-d2ec-49b6-bb67-29d4ef0d8d5e,854dfa8b-2638-412c-a7de-45af4238ec6d,2026-02-01,1200,Pago
e7e3b668-48d3-4f5f-82ab-cdf4eb952d77,854dfa8b-2638-412c-a7de-45af4238ec6d,2026-03-01,1200,Atrasado
eadc0bad-2af1-4a53-bd70-b4a6c9caa925,2918b32e-4cc4-441e-bca3-6543a2b864b4,2026-01-01,1200,Atrasado
3ef90989-3b7d-4b16-876b-552e9a42c2e2,2918b32e-4cc4-441e-bca3-6543a2b864b4,2026-02-01,1200,Pago
8bf9a731-949f-4768-9e2b-52d1eef8e0e7,2918b32e-4cc4-441e-bca3-6543a2b864b4,2026-03-01,1200,Pago
5e731aa6-616d-40bb-b3ee-887bf1a9e61d,7c7bb5b7-70d9-468e-9676-677211b54b80,2026-01-01,1200,Pago
3ea2f394-5577-4b16-9501-15d3d888ebb6,7c7bb5b7-70d9-468e-9676-677211b54b80,2026-02-01,1200,Pago
507a6b5d-373a-45e1-8f0c-f6ebd85fde3e,7c7bb5b7-70d9-468e-9676-677211b54b80,2026-03-01,1200,Pago
5d14dc6e-09e9-4b0e-a27c-528a5155546c,358ef571-db07-4822-8a1e-70d12461cb39,2026-01-01,1200,Pago
7ec6790c-d4c3-4f36-b6ad-8d1a94c4a0b0,358ef571-db07-4822-8a1e-70d12461cb39,2026-02-01,1200,Pago
ba86b93e-e5d3-4e53-abf3-5dcece39838b,358ef571-db07-4822-8a1e-70d12461cb39,2026-03-01,1200,Pago
4098278f-43b0-4a6c-a0c7-edc2f53eb0af,09dc236d-0912-470d-93a4-560914fdf0ca,2026-01-01,1200,Atrasado
d82ae4fc-98bf-46e0-8d29-9eba734b8977,09dc236d-0912-470d-93a4-560914fdf0ca,2026-02-01,1200,Pago
00354320-c440-47c0-a084-5d16df96a21f,09dc236d-0912-470d-93a4-560914fdf0ca,2026-03-01,1200,Pago
c208c8d8-339f-4276-9d29-853398d36c78,006083bd-518a-4f3a-ae56-02dcb91912de,2026-01-01,1200,Atrasado
a81b8870-510c-493f-8cd3-a76119f1f3d9,006083bd-518a-4f3a-ae56-02dcb91912de,2026-02-01,1200,Pago
7c52cbce-3711-4ff3-bb2e-6393d68bc050,006083bd-518a-4f3a-ae56-02dcb91912de,2026-03-01,1200,Pago
3f61c787-aa89-45b5-b207-ecc390c97fcf,2da0e5c0-84e4-4a51-a387-4866749b78f0,2026-01-01,1200,Pago
303e53c7-6e25-4694-ae5f-896eb5bc111f,2da0e5c0-84e4-4a51-a387-4866749b78f0,2026-02-01,1200,Pago
28e9d2d0-1e7c-4e6f-ad8f-c36cb8b9928a,2da0e5c0-84e4-4a51-a387-4866749b78f0,2026-03-01,1200,Pago
64ec5250-31f8-4304-aca8-9e2675d1fcd6,6e9ccba4-0a53-459e-b8da-31d97fb48e80,2026-01-01,1200,Pago
ac24f855-a7c7-4ec3-bf41-f2a7f42b6ddb,6e9ccba4-0a53-459e-b8da-31d97fb48e80,2026-02-01,1200,Pago
66f39b33-4636-4689-9e4a-fa75998c1165,6e9ccba4-0a53-459e-b8da-31d97fb48e80,2026-03-01,1200,Pago
a850b624-dd84-4c2e-9976-5efa01c52d05,50268e15-7f19-4fb7-814d-ee4571b473f4,2026-01-01,1200,Pendente
8ee71601-6149-47fb-8c38-d327ad3c5d70,50268e15-7f19-4fb7-814d-ee4571b473f4,2026-02-01,1200,Atrasado
62846ce2-cd66-4ab5-8a02-09bc55be81bb,50268e15-7f19-4fb7-814d-ee4571b473f4,2026-03-01,1200,Atrasado
73cbe088-2a50-440a-9e29-25eddf371ef7,0a999a65-81b0-48a8-8377-30c8224b9887,2026-01-01,1200,Pago
e13f0f48-1a93-4861-8514-e00f60a82aa1,0a999a65-81b0-48a8-8377-30c8224b9887,2026-02-01,1200,Pago
d47c48ce-9077-46b4-b222-bebc15040db9,0a999a65-81b0-48a8-8377-30c8224b9887,2026-03-01,1200,Pago
b725568a-644e-47b6-97ab-23fdef16da16,02c0aba6-a4d3-45fb-a0e8-d3e03d299b28,2026-01-01,1200,Pago
3b748029-ecac-4f02-be9e-30c6edb6a88d,02c0aba6-a4d3-45fb-a0e8-d3e03d299b28,2026-02-01,1200,Pago
1feadb8d-dd7c-42e4-a320-73916be612fa,02c0aba6-a4d3-45fb-a0e8-d3e03d299b28,2026-03-01,1200,Pago
d95b1a8d-2536-4191-846e-6138a837bd13,0e41ff8c-4b96-4c11-afd3-70ff47eb621a,2026-01-01,1200,Pago
618718f9-5234-4b41-a977-15bdaf01451a,0e41ff8c-4b96-4c11-afd3-70ff47eb621a,2026-02-01,1200,Pago
5fa9573a-37ff-43b9-ac38-798fe434bb7c,0e41ff8c-4b96-4c11-afd3-70ff47eb621a,2026-03-01,1200,Pago
b4ba0d5e-0319-4688-a280-406e7ff3f306,f5b32d83-e7ba-44c4-a16b-9cff564d523e,2026-01-01,1200,Pago
8cd4d6ce-7ed4-4af8-aaa2-91170f4832db,f5b32d83-e7ba-44c4-a16b-9cff564d523e,2026-02-01,1200,Pago
821647dc-497b-47c9-ab18-ae267f013888,f5b32d83-e7ba-44c4-a16b-9cff564d523e,2026-03-01,1200,Pago
dc76bdfe-289e-464c-a6d4-6485d0d78979,62f86f94-7318-4ec7-bb8f-5d7d5b4e1e35,2026-01-01,1200,Pago
11a8d92d-fc74-4c6f-b999-9f860bab73c9,62f86f94-7318-4ec7-bb8f-5d7d5b4e1e35,2026-02-01,1200,Pago
b044684c-78a4-4e11-98cc-0e744c3ea53d,62f86f94-7318-4ec7-bb8f-5d7d5b4e1e35,2026-03-01,1200,Pago
71456512-e65f-4463-b59f-a87c0c9b6e43,979e137d-7b81-41a2-bfa2-0d9a16aac32b,2026-01-01,1200,Pago
da9325e0-65d2-47ae-a7d2-924814b072c7,979e137d-7b81-41a2-bfa2-0d9a16aac32b,2026-02-01,1200,Pago
b3f1becf-a7d5-4b64-b986-1956bfcb64c9,979e137d-7b81-41a2-bfa2-0d9a16aac32b,2026-03-01,1200,Pago
c4284934-3363-4353-a2a6-0f972b7e64ad,ab6eaeb3-edda-40fc-86ad-ffdd11effb1d,2026-01-01,1200,Pago
a5f43c8b-eda7-46fd-b1eb-60489fbc3a23,ab6eaeb3-edda-40fc-86ad-ffdd11effb1d,2026-02-01,1200,Pago
66dddc20-9d0b-4ce0-9464-303088e01aa1,ab6eaeb3-edda-40fc-86ad-ffdd11effb1d,2026-03-01,1200,Pago
2be074c8-421f-48f0-bd88-f05093680b79,f4107a3b-867a-4bad-9ac5-cd8971a59126,2026-01-01,1200,Pago
bdfb5cf4-87f3-4b6d-a1a8-c7530a5be23c,f4107a3b-867a-4bad-9ac5-cd8971a59126,2026-02-01,1200,Pago
59cebf51-21ce-44f7-8ddf-1991d291cdfb,f4107a3b-867a-4bad-9ac5-cd8971a59126,2026-03-01,1200,Pago
a82cb944-7384-4d31-a3db-840f36a305e5,c4722177-8d9e-4627-be08-630b8d973e73,2026-01-01,1200,Pendente
2ec57dc0-bc67-4b9d-923d-259a9b5ee166,c4722177-8d9e-4627-be08-630b8d973e73,2026-02-01,1200,Atrasado
6cea0499-335d-481c-8128-ebb0d48fe0b3,c4722177-8d9e-4627-be08-630b8d973e73,2026-03-01,1200,Pendente
77b67619-4c0f-41cf-84de-1efe0bca4871,fa783686-b2ff-445b-bd4e-e565479a0410,2026-01-01,1200,Pago
ca0d8e75-6255-4e97-98d4-9f309077268c,fa783686-b2ff-445b-bd4e-e565479a0410,2026-02-01,1200,Pago
1703d884-7ea3-4a3c-8125-e470fbd6b1b6,fa783686-b2ff-445b-bd4e-e565479a0410,2026-03-01,1200,Atrasado
7a1df557-1b60-480e-9835-5184799d14e4,dde3e99d-85f4-48d3-a79b-fa92b95bf80b,2026-01-01,1200,Pago
65b7c6f4-0da7-464c-8d74-f74c0d5e4292,dde3e99d-85f4-48d3-a79b-fa92b95bf80b,2026-02-01,1200,Pago
75cfe269-72ac-413c-ada0-87e55f68fb35,dde3e99d-85f4-48d3-a79b-fa92b95bf80b,2026-03-01,1200,Pago
9a740db7-280b-4621-89a4-7c95d6cfb888,b14965b6-2bc8-44a6-ae0e-16dbfd84a79a,2026-01-01,1200,Pago
6bc05d99-1ba6-48bb-bc73-6b606985aae2,b14965b6-2bc8-44a6-ae0e-16dbfd84a79a,2026-02-01,1200,Pago
8b9a0624-0a76-442d-8ac6-dfbda021a0fd,b14965b6-2bc8-44a6-ae0e-16dbfd84a79a,2026-03-01,1200,Atrasado
2578a264-fc2a-4396-93df-999330921214,95a49fce-3867-4d1f-b678-57b8337831a7,2026-01-01,1200,Pago
646ed954-0ac1-4dda-9b54-9b8e84e60ddc,95a49fce-3867-4d1f-b678-57b8337831a7,2026-02-01,1200,Pago
84c9fe3e-7a1c-4ffa-b242-71536da09686,95a49fce-3867-4d1f-b678-57b8337831a7,2026-03-01,1200,Pago
2cf0cea6-b9ff-4994-b470-06d9d484dbd7,404f05f8-dafe-441a-8c43-5ac9e5645a78,2026-01-01,1200,Atrasado
328fa70b-ac56-4ce2-8234-18da804ed458,404f05f8-dafe-441a-8c43-5ac9e5645a78,2026-02-01,1200,Pendente
cab4863d-988c-4cb9-b372-4a5f853c0c53,404f05f8-dafe-441a-8c43-5ac9e5645a78,2026-03-01,1200,Atrasado
8634d977-f264-47b5-bcd7-3b2719044da7,ec515ff5-0d88-4716-9ee2-24fcc6a578cf,2026-01-01,1200,Pago
56e7ffb0-e14a-4def-a953-28d95249cf76,ec515ff5-0d88-4716-9ee2-24fcc6a578cf,2026-02-01,1200,Pago
2d0cd4b3-75b5-4a68-a243-584f091f7b5b,ec515ff5-0d88-4716-9ee2-24fcc6a578cf,2026-03-01,1200,Pago
b58e0230-b08c-4caa-9716-99ac22d4b202,2d9dc066-44f4-4b50-b611-03cfc3498dd5,2026-01-01,1200,Pago
b9ae33bd-f409-452a-87a2-454ff5aeda6c,2d9dc066-44f4-4b50-b611-03cfc3498dd5,2026-02-01,1200,Pago
d2387498-8a96-47bd-84fc-f7f02db82db5,2d9dc066-44f4-4b50-b611-03cfc3498dd5,2026-03-01,1200,Pago
79d53fa0-3796-417a-ab78-b9512b706f45,f86b77df-2671-449b-b917-0cb5fb319b16,2026-01-01,1200,Pago
8ddea8e6-b57d-43a3-a3af-a10b2713cb50,f86b77df-2671-449b-b917-0cb5fb319b16,2026-02-01,1200,Pago
284c78d6-2d50-4941-8cd2-76ef32162dde,f86b77df-2671-449b-b917-0cb5fb319b16,2026-03-01,1200,Pago
9f55f9b7-b7a6-41de-978b-f468fc8bad92,ffc1487e-5930-4f37-a57c-afe2215c0728,2026-01-01,1200,Pago
50e88283-f67e-4872-8bcf-870947995b41,ffc1487e-5930-4f37-a57c-afe2215c0728,2026-02-01,1200,Pago
a6fcac21-df46-4cac-9a1f-87b36b8fb34f,ffc1487e-5930-4f37-a57c-afe2215c0728,2026-03-01,1200,Pago
a597ae4a-4a8d-415b-a325-61a1235dd015,67cea65a-f12a-4de1-b3c7-8a5748e72e54,2026-01-01,1200,Pago
7e7a0b75-a5a9-4ff7-80c2-9fd9a52c7f55,67cea65a-f12a-4de1-b3c7-8a5748e72e54,2026-02-01,1200,Pago
7f331a4c-dd23-487c-afa8-74992252b03d,67cea65a-f12a-4de1-b3c7-8a5748e72e54,2026-03-01,1200,Atrasado
2ca9e97f-4780-4f90-aa7d-7b6cc2c9c061,807cf53b-8f09-4ef7-82ff-b99682956874,2026-01-01,1200,Pago
a5be53de-78d9-42ba-a496-8c384734b50e,807cf53b-8f09-4ef7-82ff-b99682956874,2026-02-01,1200,Pago
a5646aea-b565-438f-9c44-057ba0776718,807cf53b-8f09-4ef7-82ff-b99682956874,2026-03-01,1200,Pago
4a70e79a-26be-493c-abe8-368cb2103822,bb83ea14-2f5b-4d63-9087-78433bc197e0,2026-01-01,1200,Pendente
f7c2d01a-6096-470a-90e8-a343c2ee8787,bb83ea14-2f5b-4d63-9087-78433bc197e0,2026-02-01,1200,Atrasado
4e789aeb-09fc-4f5b-ad83-6cd0c987d053,bb83ea14-2f5b-4d63-9087-78433bc197e0,2026-03-01,1200,Pendente
f1faf370-c9ec-4819-ab2f-793e73483748,2201f7ca-d8bc-412f-a1c8-a7b849ea209e,2026-01-01,1200,Pago
ef452386-d6a7-4b04-9d7e-0b306e40c494,2201f7ca-d8bc-412f-a1c8-a7b849ea209e,2026-02-01,1200,Pago
88a41836-160e-4d92-98f6-58458ed1753a,2201f7ca-d8bc-412f-a1c8-a7b849ea209e,2026-03-01,1200,Atrasado
fb8f276d-43a4-4eaf-9a07-8cd468c96dae,641fa1fe-449a-4229-8a29-cebd59007702,2026-01-01,1200,Atrasado
26a3c2f1-65ee-4f4b-93a3-09d38aa06903,641fa1fe-449a-4229-8a29-cebd59007702,2026-02-01,1200,Pago
531a08f9-ce05-4f69-a788-12035a23307d,641fa1fe-449a-4229-8a29-cebd59007702,2026-03-01,1200,Pago
d49225f0-e2b6-40d2-a16d-e37ab94326b9,8661cc0f-816b-4a0e-bafe-9db93223c844,2026-01-01,1200,Pago
68ec924c-4f55-4685-a545-37a088c56c4b,8661cc0f-816b-4a0e-bafe-9db93223c844,2026-02-01,1200,Pago
0be03f1e-6da1-4a5e-91b1-fd2fa261b2f9,8661cc0f-816b-4a0e-bafe-9db93223c844,2026-03-01,1200,Pago
70ee7f1d-c9ea-412a-9c12-c8b71028308f,8be28a9b-d3e9-45e5-a47b-a53ab87f538e,2026-01-01,1200,Pago
8a642610-4d15-40cf-92f7-2bd4de33c831,8be28a9b-d3e9-45e5-a47b-a53ab87f538e,2026-02-01,1200,Pago
87f4ce27-8f28-4883-ba40-62aa91a7510f,8be28a9b-d3e9-45e5-a47b-a53ab87f538e,2026-03-01,1200,Pago
6e5a507f-86ad-4ef5-b793-eeb8feee22de,505bbafc-531e-4f62-8197-b7f5c935a3fe,2026-01-01,1200,Pendente
4766506f-fb61-4de7-866b-6329c09fad12,505bbafc-531e-4f62-8197-b7f5c935a3fe,2026-02-01,1200,Pendente
d0229e15-a968-4ff2-b729-aeb9e8c68b29,505bbafc-531e-4f62-8197-b7f5c935a3fe,2026-03-01,1200,Pendente
a7f08da3-d039-4f3d-b1e6-353bc573d37f,338cc84c-1dcd-4ff6-ac01-48df26e8d23d,2026-01-01,1200,Pago
44c2a619-f01b-4ddb-8c3c-c9df713640bd,338cc84c-1dcd-4ff6-ac01-48df26e8d23d,2026-02-01,1200,Atrasado
76424214-4fcd-44ed-8625-b18eefd6521f,338cc84c-1dcd-4ff6-ac01-48df26e8d23d,2026-03-01,1200,Pago
9fa1c881-c5c8-41a4-8476-97e29b2b4fe7,acd2a694-f817-4e70-b2b8-4d8af2a6a238,2026-01-01,1200,Pago
f44a219c-810f-4ccb-b1f9-c7064d4779f0,acd2a694-f817-4e70-b2b8-4d8af2a6a238,2026-02-01,1200,Pago
07db3d29-6ae9-46b6-b36b-336330607685,acd2a694-f817-4e70-b2b8-4d8af2a6a238,2026-03-01,1200,Pago
55d5ecff-c701-43f9-8a08-5d8cd4f4be98,2ef69b32-fa63-43d1-a821-feb0b52a5db6,2026-01-01,1200,Pago
eddb372a-4707-4111-bd97-2078a6196e5a,2ef69b32-fa63-43d1-a821-feb0b52a5db6,2026-02-01,1200,Atrasado
f9b74521-1eb7-4f17-b9e0-307f085668a6,2ef69b32-fa63-43d1-a821-feb0b52a5db6,2026-03-01,1200,Pago
89048e00-4bb6-4de6-9708-3fff8987b9cf,2d0a963a-b8e2-4a02-bf31-61debac4c12d,2026-01-01,1200,Pago
9466b1c2-b9cf-4a53-9d1c-e3285bf8e255,2d0a963a-b8e2-4a02-bf31-61debac4c12d,2026-02-01,1200,Pago
eceaf3d9-51da-41f3-ab56-98cbee71de22,2d0a963a-b8e2-4a02-bf31-61debac4c12d,2026-03-01,1200,Pago
8a3420b3-c3a1-4037-a346-6fd8f9800918,061a330b-db19-4e84-a92b-b3878670b471,2026-01-01,1200,Pago
9db9d17e-152e-42a8-b04c-5b5b37ab5cc9,061a330b-db19-4e84-a92b-b3878670b471,2026-02-01,1200,Pago
c9891203-5dae-4a26-bd88-35c8db3dea7c,061a330b-db19-4e84-a92b-b3878670b471,2026-03-01,1200,Pago
17865d84-2c01-48c8-86c1-df841820d8a2,1461027b-4a81-4033-b571-af82640971b6,2026-01-01,1200,Pago
f39b0ec8-21b6-4f63-b953-ac92080707a1,1461027b-4a81-4033-b571-af82640971b6,2026-02-01,1200,Pago
6ac4b0a6-57f8-450b-ada3-7c9529def40e,1461027b-4a81-4033-b571-af82640971b6,2026-03-01,1200,Atrasado
5a19d1da-8b78-4dae-a979-c2b2a5fb26df,adec864b-3288-4483-94b4-d5d49e7c890c,2026-01-01,1200,Pago
25b62058-01e6-43c4-8701-d0756ac1e775,adec864b-3288-4483-94b4-d5d49e7c890c,2026-02-01,1200,Pago
d48bb169-a87f-4801-9f6c-bf27ba29f7af,adec864b-3288-4483-94b4-d5d49e7c890c,2026-03-01,1200,Pago
9dddbb32-23dc-4b3c-9c8a-9045d9b73029,cf5fb9fd-6b08-490c-8a46-577c73de51e8,2026-01-01,1200,Pago
191f82a8-998f-47d9-bf51-467e258f2a42,cf5fb9fd-6b08-490c-8a46-577c73de51e8,2026-02-01,1200,Atrasado
262ead5b-e094-4e56-83cc-cc929da2dd70,cf5fb9fd-6b08-490c-8a46-577c73de51e8,2026-03-01,1200,Pago
47016c35-2f68-479c-8e66-ac9fd286e3a7,80357905-6980-48e7-88ce-ce414522871e,2026-01-01,1200,Pago
8635f194-b060-4e80-b72f-39470b873f9f,80357905-6980-48e7-88ce-ce414522871e,2026-02-01,1200,Pago
8ae1c231-fcea-4404-8c67-2866b04a0a4c,80357905-6980-48e7-88ce-ce414522871e,2026-03-01,1200,Pago
982c8d1d-9c9f-48db-9ce0-0d3cd0e3ec3d,2fd3d75a-55f4-4077-b49a-801e938bee11,2026-01-01,1200,Pago
446a3142-fa11-48ee-aa01-fd95caa276e6,2fd3d75a-55f4-4077-b49a-801e938bee11,2026-02-01,1200,Pago
76551191-918b-4d67-98a6-14a556b44d47,2fd3d75a-55f4-4077-b49a-801e938bee11,2026-03-01,1200,Atrasado
db38f326-4681-45a8-a694-565b3a65671e,c50476b0-bd37-4ddb-9e34-bf283fc4755b,2026-01-01,1200,Atrasado
cbcc26d5-a60d-48f1-8922-ea949058e2bf,c50476b0-bd37-4ddb-9e34-bf283fc4755b,2026-02-01,1200,Pago
0450be38-3c57-4615-8fe0-f34f59d75f91,c50476b0-bd37-4ddb-9e34-bf283fc4755b,2026-03-01,1200,Pago
9d000b53-e717-4dfd-a142-f4f04c5a76ef,76364c88-9db2-4e4b-a18f-d0b4ff18026f,2026-01-01,1200,Pago
05bb8daf-847f-4b45-858a-fc9896337b8c,76364c88-9db2-4e4b-a18f-d0b4ff18026f,2026-02-01,1200,Pago
253e7fb1-36cf-4bc8-8bdc-2d0b8a3db266,76364c88-9db2-4e4b-a18f-d0b4ff18026f,2026-03-01,1200,Pago
df715e08-4db2-4bc0-aba7-505fb975304f,00183b09-ba9d-42e1-9bb3-e3178a696cc8,2026-01-01,1200,Pago
d871d75d-8f44-4133-855e-52303ae8505f,00183b09-ba9d-42e1-9bb3-e3178a696cc8,2026-02-01,1200,Pago
6bca4773-71c5-47f2-8af7-7ae92cf86902,00183b09-ba9d-42e1-9bb3-e3178a696cc8,2026-03-01,1200,Pago
58f2b4d0-7419-4a39-b815-0af7686042bf,3249bd77-479a-4860-9161-6508262a55f9,2026-01-01,1200,Pago
dd24250d-d870-433e-9ee5-af618db1a280,3249bd77-479a-4860-9161-6508262a55f9,2026-02-01,1200,Pago
bfe8631f-0b5e-4019-a85d-61e601ab9ed2,3249bd77-479a-4860-9161-6508262a55f9,2026-03-01,1200,Pago
e0adf282-7c1b-42e4-80bd-5ff1900554e3,9390f2f8-9f03-4910-a7a6-24efa5ef5d9e,2026-01-01,1200,Pago
3d7b9f7a-613b-495f-9eb6-e053648cc922,9390f2f8-9f03-4910-a7a6-24efa5ef5d9e,2026-02-01,1200,Atrasado
afb3f800-56db-4fa7-a42c-8ee1a0bd5d68,9390f2f8-9f03-4910-a7a6-24efa5ef5d9e,2026-03-01,1200,Pago
fa66f5a4-13ce-47bf-91dc-3cb6c7eeb312,9635b99f-0943-4ceb-a061-4f3232fce4b5,2026-01-01,1200,Pago
cbf74dbf-4066-4500-b776-326775db9713,9635b99f-0943-4ceb-a061-4f3232fce4b5,2026-02-01,1200,Pago
634a1908-e5b1-4a10-bfa1-3d6f10d345b9,9635b99f-0943-4ceb-a061-4f3232fce4b5,2026-03-01,1200,Pago
25176599-b226-4880-b90b-96ffc74fea60,09064140-f347-4ed6-8059-1d5b496bbf13,2026-01-01,1200,Pago
10a19533-b753-42ac-b6e8-66ec50da39e1,09064140-f347-4ed6-8059-1d5b496bbf13,2026-02-01,1200,Pago
2716ecc5-ef57-447a-a778-7029a62bfdab,09064140-f347-4ed6-8059-1d5b496bbf13,2026-03-01,1200,Pago
2240fdcb-0211-45df-bc1f-8706ded1cfa3,b013b578-9aff-4709-9fc6-f84307a0faf5,2026-01-01,1200,Pago
5be24118-95b2-4579-bda4-e7f5bcb74238,b013b578-9aff-4709-9fc6-f84307a0faf5,2026-02-01,1200,Pago
d095bf90-2717-4583-897c-c20151482ee5,b013b578-9aff-4709-9fc6-f84307a0faf5,2026-03-01,1200,Pago
54c081da-0562-4cc1-b9ea-bc14c542b9c8,5603dded-f024-4247-90bd-2d270629d697,2026-01-01,1200,Pago
fa2f773e-5671-4e14-bb73-c658727456cd,5603dded-f024-4247-90bd-2d270629d697,2026-02-01,1200,Pago
7d74b44a-a80e-411f-8125-11eacfc97445,5603dded-f024-4247-90bd-2d270629d697,2026-03-01,1200,Pago
8bb1515d-f98f-4caf-b5d1-6cdcc183ae84,aace288a-81cf-4c23-96ef-27827b276619,2026-01-01,1200,Pago
268732dc-9ae6-48b5-80a3-689044e8d854,aace288a-81cf-4c23-96ef-27827b276619,2026-02-01,1200,Atrasado
5b4622f0-2ad2-4c76-b4f7-ce057ee2c34b,aace288a-81cf-4c23-96ef-27827b276619,2026-03-01,1200,Pago
f1437db9-0dcc-4859-9164-22c03f2e1cca,9a9420a3-a5ee-41b3-8cbf-a63e82f97c1a,2026-01-01,1200,Pago
da9f263d-0ba1-4a15-9608-2e88b9a79f42,9a9420a3-a5ee-41b3-8cbf-a63e82f97c1a,2026-02-01,1200,Pago
402070ff-4f17-4a33-b257-1134a1257c11,9a9420a3-a5ee-41b3-8cbf-a63e82f97c1a,2026-03-01,1200,Pago
5be387b0-6623-4fb0-bc40-b6e0603e61f4,3d3ca48a-8150-4153-ac93-4775da0c34a6,2026-01-01,1200,Pago
332e5a31-6442-4a28-8979-5d9ef9b8e87e,3d3ca48a-8150-4153-ac93-4775da0c34a6,2026-02-01,1200,Pago
2ae2cc57-e359-48f9-864e-458c74491f32,3d3ca48a-8150-4153-ac93-4775da0c34a6,2026-03-01,1200,Pago
0136e546-3e73-46df-b23f-533b63e8a430,109ae41c-f27d-48cb-8f3b-150135374cec,2026-01-01,1200,Pago
3cc9e3cd-c261-414d-9fc6-be944ecbfe27,109ae41c-f27d-48cb-8f3b-150135374cec,2026-02-01,1200,Pago
99f65b8e-4afb-4177-990e-bd44a0a0dcb1,109ae41c-f27d-48cb-8f3b-150135374cec,2026-03-01,1200,Pago
fa95c05f-9c2e-48e6-8a5b-7916f72c5414,f48c5a77-b58e-4789-9794-59b1991c9c47,2026-01-01,1200,Pago
2ed3c8f9-2357-44b3-aaa0-3cfbe405f177,f48c5a77-b58e-4789-9794-59b1991c9c47,2026-02-01,1200,Pago
ed1a57c7-4df6-419b-b3d2-ee27727ab485,f48c5a77-b58e-4789-9794-59b1991c9c47,2026-03-01,1200,Pago
ec0ab789-1101-4b6f-ac2e-3a517cd311f9,cc0ad0f2-c30a-4d51-a090-e6b69abb772c,2026-01-01,1200,Pago
56d10c89-2c42-4b7c-9a03-10df713136ae,cc0ad0f2-c30a-4d51-a090-e6b69abb772c,2026-02-01,1200,Pago
08c52ce6-d2c7-458f-99a3-f92215843eea,cc0ad0f2-c30a-4d51-a090-e6b69abb772c,2026-03-01,1200,Pago
d53cbc4d-ffe6-4552-b3ad-5abe7687a06f,90c326e6-cfe0-490d-8cb1-72458cbddc7b,2026-01-01,1200,Pendente
b4251c04-ca49-4a2f-9250-5949a2d697da,90c326e6-cfe0-490d-8cb1-72458cbddc7b,2026-02-01,1200,Pendente
413fbf39-3d8c-4304-87a8-46e3d71c8798,90c326e6-cfe0-490d-8cb1-72458cbddc7b,2026-03-01,1200,Atrasado
2532972e-2a38-40c9-90e0-cf53c53b4dc4,30d50260-c6ae-462a-b977-3d4290e31f41,2026-01-01,1200,Pago
a2e86f53-19d2-4ea4-be48-163fb3ecb3fc,30d50260-c6ae-462a-b977-3d4290e31f41,2026-02-01,1200,Pago
21e8bccf-ebf7-419c-8d3e-e18435688a6e,30d50260-c6ae-462a-b977-3d4290e31f41,2026-03-01,1200,Pago
0ce25fec-60cb-4ee4-8b4e-75233748e56e,a6a728be-6c98-4bf8-a694-29dc0a7bc5cc,2026-01-01,1200,Pago
639d13a4-0b2a-4110-8a56-886110dd9e12,a6a728be-6c98-4bf8-a694-29dc0a7bc5cc,2026-02-01,1200,Pago
2d2652c8-fc14-4f69-8fed-9b49aa030886,a6a728be-6c98-4bf8-a694-29dc0a7bc5cc,2026-03-01,1200,Pago
247a71b4-f305-46e5-9650-17eef50929fa,cdf4f124-746d-4b6c-83df-cbb6399a440f,2026-01-01,1200,Pago
98c540f8-427f-4d28-a987-f047a4660996,cdf4f124-746d-4b6c-83df-cbb6399a440f,2026-02-01,1200,Pago
3969815f-d7b7-474c-9913-6bf2246292c6,cdf4f124-746d-4b6c-83df-cbb6399a440f,2026-03-01,1200,Atrasado
0796735a-b298-41b8-85a0-1f194d82f353,5877c193-9810-40ec-9606-529b6b82cb66,2026-01-01,1200,Pago
9c60614c-46c6-496a-ac8e-93706cd30c22,5877c193-9810-40ec-9606-529b6b82cb66,2026-02-01,1200,Pago
0affff02-97f8-4f73-bb30-6c76cb90eba4,5877c193-9810-40ec-9606-529b6b82cb66,2026-03-01,1200,Pago
7f420bcc-a73d-4430-8f74-98474af31308,02ad0e45-20c6-41b1-a704-34eafb7270d3,2026-01-01,1200,Pago
01dfdac1-af9c-4be2-b791-8b7da1d39da4,02ad0e45-20c6-41b1-a704-34eafb7270d3,2026-02-01,1200,Pago
a0bc7269-5a47-4574-94cf-b27f143ac43a,02ad0e45-20c6-41b1-a704-34eafb7270d3,2026-03-01,1200,Pago
333e71d8-2f2e-46d3-b047-2974f76a1e1f,2cc3b854-9460-4371-abb1-809a96f85a8c,2026-01-01,1200,Atrasado
c86aa885-4fd5-4cae-8d03-84dbf49be6e6,2cc3b854-9460-4371-abb1-809a96f85a8c,2026-02-01,1200,Pago
aee52663-34ed-4dc7-afb5-d239046bd483,2cc3b854-9460-4371-abb1-809a96f85a8c,2026-03-01,1200,Atrasado
84c4d7ad-fdc8-4cc7-8d18-03d7b07b6e97,14fe29bf-1619-4bee-b18e-5def9ca1b92b,2026-01-01,1200,Atrasado
53280442-ea57-4a90-8d98-b904121bbc9e,14fe29bf-1619-4bee-b18e-5def9ca1b92b,2026-02-01,1200,Pago
19b036fb-fa34-48c0-9aaf-245fba8369e1,14fe29bf-1619-4bee-b18e-5def9ca1b92b,2026-03-01,1200,Pago
cc92babb-2471-4fd3-9651-c2177255878c,8fdb462f-1660-4b10-9749-8c13274978ee,2026-01-01,1200,Pago
48a0340f-7d11-4794-9e60-c463bb76de4e,8fdb462f-1660-4b10-9749-8c13274978ee,2026-02-01,1200,Pago
6181b24e-52af-4027-b172-926bed61fe26,8fdb462f-1660-4b10-9749-8c13274978ee,2026-03-01,1200,Pago
fe603335-1cea-49ab-a47c-c038a8b425bc,0eebd0e4-365f-4d03-a53d-028e47db93c5,2026-01-01,1200,Pago
9dd12380-9c50-4fbd-b668-4d0027032abc,0eebd0e4-365f-4d03-a53d-028e47db93c5,2026-02-01,1200,Pago
4eb3e4fa-f080-40e4-9b65-f06eeeae16fb,0eebd0e4-365f-4d03-a53d-028e47db93c5,2026-03-01,1200,Pago
f63e37b4-42e9-42af-9d5b-1c434408a48f,42a28142-fe44-4e8f-82f8-b5c2ec698b3f,2026-01-01,1200,Pendente
09146dee-5889-4d68-9fb7-d4870c8ab7ef,42a28142-fe44-4e8f-82f8-b5c2ec698b3f,2026-02-01,1200,Pendente
b0a1db4a-009f-4b91-a4eb-a301c18aa62d,42a28142-fe44-4e8f-82f8-b5c2ec698b3f,2026-03-01,1200,Pendente
2cb63e3b-9c4b-424d-83e5-2ed01108ff8a,30f7d6f9-bef2-4797-a713-6cea1f29d8ff,2026-01-01,1200,Pago
b636b4de-73fb-4d5c-8da9-ed48d1845c5f,30f7d6f9-bef2-4797-a713-6cea1f29d8ff,2026-02-01,1200,Pago
2c48b2fc-a51f-4858-b5e2-1d65ee5be1ce,30f7d6f9-bef2-4797-a713-6cea1f29d8ff,2026-03-01,1200,Pago
6d7868dc-b876-44ad-92a9-53296007372a,eeab0727-8853-4065-a704-d45a4b09fa46,2026-01-01,1200,Pago
5cce512b-dfe9-4072-bee3-36c62cd9404c,eeab0727-8853-4065-a704-d45a4b09fa46,2026-02-01,1200,Pago
2e0cb694-4cb0-4e72-bc21-b41c2da02866,eeab0727-8853-4065-a704-d45a4b09fa46,2026-03-01,1200,Pago
f80b184e-c5e9-4b0b-bc0b-4b3f225fb3c1,8c224f34-dbb0-4b3f-a4d8-00fdb77d710a,2026-01-01,1200,Pago
40a03127-72e4-4467-a1b3-9b2aaadf7221,8c224f34-dbb0-4b3f-a4d8-00fdb77d710a,2026-02-01,1200,Pago
de7f63bb-aa83-4283-8ab2-cdcfedabe5a9,8c224f34-dbb0-4b3f-a4d8-00fdb77d710a,2026-03-01,1200,Pago
3567783f-65a4-4cc5-9434-fe6a258e17cc,b109afa1-d478-4e1f-9734-231f92a596b9,2026-01-01,1200,Pago
d224ff02-c83f-4ca9-8935-c6070a7382ac,b109afa1-d478-4e1f-9734-231f92a596b9,2026-02-01,1200,Pago
1206259b-4178-4ca3-916f-5b1a20437818,b109afa1-d478-4e1f-9734-231f92a596b9,2026-03-01,1200,Pago
4e3ce20b-e455-463e-b212-4bf0401a5f80,b9630b00-115e-40b9-96cd-ba65144b3f13,2026-01-01,1200,Pago
4d902afa-d2a7-49b6-8fba-bd0a6b79f6d7,b9630b00-115e-40b9-96cd-ba65144b3f13,2026-02-01,1200,Pago
e7bc780b-3065-49a9-9b8d-483d89566968,b9630b00-115e-40b9-96cd-ba65144b3f13,2026-03-01,1200,Pago
f28bfe96-14a9-44da-a873-636eb1d39296,75d146c2-6902-4ff0-b33d-37997256c5bb,2026-01-01,1200,Pago
63bf536d-8f63-433a-acfe-689f2cfd04e4,75d146c2-6902-4ff0-b33d-37997256c5bb,2026-02-01,1200,Pago
cef17403-d439-403f-ad5f-05b9b63de18c,75d146c2-6902-4ff0-b33d-37997256c5bb,2026-03-01,1200,Pago
ab961781-c714-40c6-9e5e-a949f547b742,0e519966-940d-4b8f-8303-343b9f52bdef,2026-01-01,1200,Pago
67710521-dbce-419d-a1c5-b9104502595a,0e519966-940d-4b8f-8303-343b9f52bdef,2026-02-01,1200,Pago
3352bc24-61dc-433f-adeb-8c9848804c3b,0e519966-940d-4b8f-8303-343b9f52bdef,2026-03-01,1200,Pago
8bf81e27-5e1c-40a1-8d4a-bb2a80ceb0cc,8b52827c-d77d-4bc0-9678-85fc5344d0ed,2026-01-01,1200,Pago
1c33b6ac-dd1f-4ea1-a43b-ff424a7fe9df,8b52827c-d77d-4bc0-9678-85fc5344d0ed,2026-02-01,1200,Pago
31e0dc1d-656d-456b-804b-4aefe81bde51,8b52827c-d77d-4bc0-9678-85fc5344d0ed,2026-03-01,1200,Pago
0c1dea30-8224-44db-b63f-6eba4fed83db,197aa118-5359-4a87-836e-c4c142a2ba19,2026-01-01,1200,Pago
d9ed7933-d904-48f9-92ca-24e708015371,197aa118-5359-4a87-836e-c4c142a2ba19,2026-02-01,1200,Pago
8f0852b9-d6d0-457d-a7bb-192ebafd690f,197aa118-5359-4a87-836e-c4c142a2ba19,2026-03-01,1200,Pago
5e005567-a01f-4de5-9c88-f2b1a257a514,d4dc0031-bfe3-4776-8c21-d7c395822bef,2026-01-01,1200,Pago
176fc697-fcb1-432f-bbdd-9e4b58a937e9,d4dc0031-bfe3-4776-8c21-d7c395822bef,2026-02-01,1200,Atrasado
a5a72945-2abe-4b51-a02f-62c43222a8fc,d4dc0031-bfe3-4776-8c21-d7c395822bef,2026-03-01,1200,Atrasado
5f39a370-a82c-45c7-a4f4-f93539ebf108,19fecdb1-8f35-46d6-a707-b199317f262b,2026-01-01,1200,Pago
a5012b4e-6769-42e5-859f-eb531f8fb123,19fecdb1-8f35-46d6-a707-b199317f262b,2026-02-01,1200,Pago
9b351679-dda7-4aa2-9a84-a5c6d578bfb6,19fecdb1-8f35-46d6-a707-b199317f262b,2026-03-01,1200,Pago
a829d8c2-bc35-42df-b433-bcd76f4b2d06,e294dd39-ac27-49d3-87fc-f320d29f3ad4,2026-01-01,1200,Pago
7b06754b-3bd7-47ba-bb81-b0c566efb69e,e294dd39-ac27-49d3-87fc-f320d29f3ad4,2026-02-01,1200,Pago
409a7bfe-2047-4e5d-91a5-b72627bbbf81,e294dd39-ac27-49d3-87fc-f320d29f3ad4,2026-03-01,1200,Pago
ff010760-37d0-45f1-bd91-edfdc56bc00b,10f7d939-e40a-4f71-82b6-9d7b0c89b70a,2026-01-01,1200,Pago
c0f8fd6f-79d0-4b3f-927b-ffce6cd9a96d,10f7d939-e40a-4f71-82b6-9d7b0c89b70a,2026-02-01,1200,Pago
0845f39e-aca8-4ab4-9f44-33e1ce41e237,10f7d939-e40a-4f71-82b6-9d7b0c89b70a,2026-03-01,1200,Pago
be1e58aa-701b-4146-ac8b-69611c3cd1c1,8d65967a-bce7-42e7-995a-759e10828601,2026-01-01,1200,Pago
b6c75109-5fd6-40fc-ac86-7fb4fa8daed7,8d65967a-bce7-42e7-995a-759e10828601,2026-02-01,1200,Pago
e6f1c024-591d-4f7c-9705-e7a3c68a405b,8d65967a-bce7-42e7-995a-759e10828601,2026-03-01,1200,Pago
d85320c2-686a-47f5-a3dc-0cd863f6c228,58bc2743-8f80-477a-921f-0de8677a01b4,2026-01-01,1200,Pendente
6a583d30-eb5f-475a-a8bf-081e81b10f6b,58bc2743-8f80-477a-921f-0de8677a01b4,2026-02-01,1200,Atrasado
34a48f63-947a-4d81-b704-c057933d706a,58bc2743-8f80-477a-921f-0de8677a01b4,2026-03-01,1200,Pendente
83f37037-678b-4e57-9842-5055b84f6857,abf61dc3-6f92-482e-89ca-257ab7141d6e,2026-01-01,1200,Pago
46854b8f-7858-4b8e-a3d1-4a98b2f61a47,abf61dc3-6f92-482e-89ca-257ab7141d6e,2026-02-01,1200,Pago
d37a93b5-055c-443e-a1c6-0189a03739b7,abf61dc3-6f92-482e-89ca-257ab7141d6e,2026-03-01,1200,Pago
0af3bdce-6ecc-48b3-96d7-1ca163ffba47,b764cde4-fd80-4179-ba83-8fdae8da9fd2,2026-01-01,1200,Atrasado
142f29b1-baec-42e2-a502-c4e506846d84,b764cde4-fd80-4179-ba83-8fdae8da9fd2,2026-02-01,1200,Pago
60a10625-097d-4c70-a448-16e5e462e24d,b764cde4-fd80-4179-ba83-8fdae8da9fd2,2026-03-01,1200,Atrasado
4bd17521-208f-46a4-9433-0adaa1491127,5eb7c6f4-5246-43af-a112-1f6b99fc2baf,2026-01-01,1200,Pago
b3fa9b5b-f4ff-4ded-95e3-2662ad34c851,5eb7c6f4-5246-43af-a112-1f6b99fc2baf,2026-02-01,1200,Pago
bf5d356b-aced-4ea7-b462-85c5e26a85e3,5eb7c6f4-5246-43af-a112-1f6b99fc2baf,2026-03-01,1200,Pago
13e2d195-cc4b-4137-aa29-bdf5951c9bde,81062ec3-9789-4031-ab88-a63a3ebafdd0,2026-01-01,1200,Pago
bb3a7ab4-5567-4d33-9d37-22558c7e72b1,81062ec3-9789-4031-ab88-a63a3ebafdd0,2026-02-01,1200,Pago
49eeddcd-ad02-43f0-a7b9-eea4c2af0c33,81062ec3-9789-4031-ab88-a63a3ebafdd0,2026-03-01,1200,Pago
cd4d6d35-14b4-47d6-9763-6aeab8a877cf,23de6db0-e775-4456-8021-5c92c910d2f0,2026-01-01,1200,Pago
325709e4-5985-431b-81c5-e11fbe6270be,23de6db0-e775-4456-8021-5c92c910d2f0,2026-02-01,1200,Atrasado
b65d67c0-308f-4779-b48a-10b7b0ea0143,23de6db0-e775-4456-8021-5c92c910d2f0,2026-03-01,1200,Pago
5d325120-eec6-4f5e-91d0-b7ba35f7a12e,6e0b80c2-3295-46bb-a101-c37aa8d21145,2026-01-01,1200,Pago
d05db70f-ade0-4d32-ba82-556fccc20cd5,6e0b80c2-3295-46bb-a101-c37aa8d21145,2026-02-01,1200,Pago
a9e01ef0-5f90-49ba-a1f9-3cef358c9c6e,6e0b80c2-3295-46bb-a101-c37aa8d21145,2026-03-01,1200,Pago
b98d8e40-9478-44a0-b37e-317831e041a7,f2bce60f-e522-4ae0-ab81-30f3d7ffe21d,2026-01-01,1200,Pago
eadf639b-e06d-47de-ba79-c9c61f7004fe,f2bce60f-e522-4ae0-ab81-30f3d7ffe21d,2026-02-01,1200,Pago
b2d5ddad-9b8d-4e70-bc77-c318b92c6b05,f2bce60f-e522-4ae0-ab81-30f3d7ffe21d,2026-03-01,1200,Pago
f59f905b-2843-431d-8ab0-de7e41423d6d,61c4cbd4-b179-4b19-b917-b5d17b888e29,2026-01-01,1200,Atrasado
3092108e-9dc9-4bab-845b-109ccbc33153,61c4cbd4-b179-4b19-b917-b5d17b888e29,2026-02-01,1200,Pago
4b68f3ce-a7ba-4d12-a3bb-d184846c58c4,61c4cbd4-b179-4b19-b917-b5d17b888e29,2026-03-01,1200,Pago
83f0264e-7b1d-40eb-8a0d-3a14edf0c0ab,6ce99120-5a9f-4c08-bf7b-c926cebbce93,2026-01-01,1200,Pago
5ccb7527-3dc9-456a-899b-bdf923808447,6ce99120-5a9f-4c08-bf7b-c926cebbce93,2026-02-01,1200,Pago
dedb372c-3e9b-4a40-b756-3e766605d24c,6ce99120-5a9f-4c08-bf7b-c926cebbce93,2026-03-01,1200,Pago
52a49d85-c55c-4b86-884c-3b07f2ba417e,3ecd5f8f-7096-486e-9972-3dfd57803f08,2026-01-01,1200,Pago
df453970-42b6-4341-8dc4-ae61004dab3d,3ecd5f8f-7096-486e-9972-3dfd57803f08,2026-02-01,1200,Pago
f626942e-d73b-4db2-864d-203b7150e52b,3ecd5f8f-7096-486e-9972-3dfd57803f08,2026-03-01,1200,Pago
02032c01-5258-4284-ab1d-f1c08f618113,9876268b-25b7-4b8d-8669-102f1b86d38b,2026-01-01,1200,Pago
b04e6eb7-fe4a-48a6-8cb5-2d440407dcc3,9876268b-25b7-4b8d-8669-102f1b86d38b,2026-02-01,1200,Pago
51cc80ef-4d57-4b83-a8a8-3eaec09859c0,9876268b-25b7-4b8d-8669-102f1b86d38b,2026-03-01,1200,Pago
05c68e9f-add6-4297-9090-220c94c08b1e,cfcdafb7-6185-4260-a599-f18baa6bee17,2026-01-01,1200,Pago
dfbc8338-f5d0-47c8-a8a8-65e29e1d32e8,cfcdafb7-6185-4260-a599-f18baa6bee17,2026-02-01,1200,Atrasado
48fdd071-0de5-43cd-991f-d2c48db88e81,cfcdafb7-6185-4260-a599-f18baa6bee17,2026-03-01,1200,Pago
848aeaab-1168-4376-8918-1289b42949c6,f498ea77-efab-40d6-a6dd-7ee6de59cddc,2026-01-01,1200,Pago
42655231-e143-4d03-aaed-644f5614367d,f498ea77-efab-40d6-a6dd-7ee6de59cddc,2026-02-01,1200,Pago
a331b970-f363-4e0f-858d-9dfb167d4910,f498ea77-efab-40d6-a6dd-7ee6de59cddc,2026-03-01,1200,Pago
d9f61983-be8c-4b64-af6a-3a6f25e42bf8,31317b6c-456b-4975-be75-5024b3ff5c25,2026-01-01,1200,Pago
c311e5b5-4c2e-483d-9b01-31dab6c17cfa,31317b6c-456b-4975-be75-5024b3ff5c25,2026-02-01,1200,Pago
a33e48db-2004-4325-a747-81729fc3c0fb,31317b6c-456b-4975-be75-5024b3ff5c25,2026-03-01,1200,Pago
1d4dd040-1c7d-47c9-b327-9cd6e6c87b9b,80a85383-d321-419b-a477-8e3fd3db2592,2026-01-01,1200,Pendente
f4cba54a-d5f1-4fe9-af67-1ca40d7c4c08,80a85383-d321-419b-a477-8e3fd3db2592,2026-02-01,1200,Atrasado
e1a77be2-cff3-4b83-9ae8-6c25208880e5,80a85383-d321-419b-a477-8e3fd3db2592,2026-03-01,1200,Pendente
68a5a77a-c758-4c43-a0e3-c5f6c029bbe4,21ec1592-50de-4052-8e57-bbb9425d600e,2026-01-01,1200,Atrasado
5eac4fdf-e21a-4921-bd8f-16f9cbb84e57,21ec1592-50de-4052-8e57-bbb9425d600e,2026-02-01,1200,Atrasado
7c2acf18-ce5e-4add-8cbf-f7565c8720da,21ec1592-50de-4052-8e57-bbb9425d600e,2026-03-01,1200,Atrasado
1fa64912-ea73-4fdb-91bd-b9dd8cea18a0,d4171927-10d4-4b49-81d3-4c4a542fb790,2026-01-01,1200,Pago
f7e61e07-de6e-4194-be6d-d8b009bb90bd,d4171927-10d4-4b49-81d3-4c4a542fb790,2026-02-01,1200,Pago
47f3084d-f51d-4cc0-902f-c249bec97106,d4171927-10d4-4b49-81d3-4c4a542fb790,2026-03-01,1200,Pago
e53af959-1627-4fac-8817-dfdd75fde375,cc86bab3-fcac-4959-a7a4-a5014d1cdf11,2026-01-01,1200,Pago
b1631f5c-06e1-4f39-9040-c1cf8ef91b75,cc86bab3-fcac-4959-a7a4-a5014d1cdf11,2026-02-01,1200,Pago
69477c01-b4b4-4c9c-a1b7-1728e962b330,cc86bab3-fcac-4959-a7a4-a5014d1cdf11,2026-03-01,1200,Pago
0515fd90-c297-4e22-973c-ccaa504c893a,bee658d3-779f-4324-ac78-913e17d6d2d2,2026-01-01,1200,Pago
b0446d3a-967b-4085-a6b8-15a7bd0d8318,bee658d3-779f-4324-ac78-913e17d6d2d2,2026-02-01,1200,Pago
d7df355c-4c3e-46d3-8468-9ec4d437e1d9,bee658d3-779f-4324-ac78-913e17d6d2d2,2026-03-01,1200,Pago
5e9dcaca-4d27-4a16-9915-7af4d15b4000,03fc06da-763b-449a-8846-f9b1a5dcc814,2026-01-01,1200,Atrasado
fe1f8ff7-50f1-4b7d-b458-a832aaecb290,03fc06da-763b-449a-8846-f9b1a5dcc814,2026-02-01,1200,Atrasado
40a154e4-5ae2-428f-8d9c-da47be6fa8e3,03fc06da-763b-449a-8846-f9b1a5dcc814,2026-03-01,1200,Atrasado
7e2f22a4-7352-4e9c-af05-afd95f63575a,5164654a-4b5a-45f0-8eed-e17e10d2bceb,2026-01-01,1200,Pago
fc957599-7bb3-43c0-b5e2-20af0ac46c69,5164654a-4b5a-45f0-8eed-e17e10d2bceb,2026-02-01,1200,Pago
cf6d1379-e035-4635-b140-cc6ef09572f1,5164654a-4b5a-45f0-8eed-e17e10d2bceb,2026-03-01,1200,Pago
